"boundary1_average","boundary1_maximum","boundary1_minimum","boundary1_stddev","boundary2_average","boundary2_maximum","boundary2_minimum","boundary2_stddev","boundary3_average","boundary3_maximum","boundary3_minimum","boundary3_stddev","neiSolid_average","neiSolid_maximum","neiSolid_minimum","neiSolid_stddev","rho_average","rho_maximum","rho_minimum","rho_stddev","sdf_average","sdf_maximum","sdf_minimum","sdf_stddev","solid_average","solid_maximum","solid_minimum","solid_stddev","tauSGS_average","tauSGS_maximum","tauSGS_minimum","tauSGS_stddev","u_average","u_maximum","u_minimum","u_stddev","v_average","v_maximum","v_minimum","v_stddev","w_average","w_maximum","w_minimum","w_stddev","vtkValidPointMask","arc_length","Points:0","Points:1","Points:2"
nan,nan,nan,nan,nan,nan,nan,nan,nan,nan,nan,nan,nan,nan,nan,nan,nan,nan,nan,nan,nan,nan,nan,nan,nan,nan,nan,nan,nan,nan,nan,nan,nan,nan,nan,nan,nan,nan,nan,nan,nan,nan,nan,nan,0,0,21,0.0125,1.5
0,0,0,0,0.54267,0.54267,0.54267,1.8371e-08,0,0,0,0,0,0,0,0,0.99844,1,0.9867,0.0011948,303.21,303.21,303.21,5.8254e-05,0,0,0,0,4.1942e-05,0.00058809,0,6.2891e-05,0.013062,0.43091,-0.10879,0.046666,7.8635e-07,0.015155,-0.015529,0.0032356,0.00051665,0.061983,-0.05311,0.015105,1,0.016528,21,0.029028,1.5
0,0,0,0,0,0,0,0,0,0,0,0,0,0,0,0,0.99844,1,0.98676,0.0011886,303.21,303.21,303.21,5.8254e-05,0,0,0,0,3.5594e-05,0.00023718,0,3.3489e-05,0.018028,0.59305,-0.16623,0.065464,1.3904e-05,0.027882,-0.029572,0.00603,0.00071374,0.094739,-0.088175,0.023403,1,0.033056,21,0.045556,1.5
0,0,0,0,0,0,0,0,0,0,0,0,0,0,0,0,0.99844,1,0.98669,0.0011955,303.21,303.21,303.21,5.8254e-05,0,0,0,0,3.3926e-05,0.00025501,0,3.3637e-05,0.017075,0.57467,-0.20037,0.067732,0.00019267,0.044369,-0.058865,0.010605,0.00034496,0.11263,-0.15628,0.031675,1,0.049583,21,0.062083,1.5
0,0,0,0,0,0,0,0,0,0,0,0,0,0,0,0,0.99844,1,0.98661,0.001203,303.21,303.21,303.21,5.8254e-05,0,0,0,0,3.2238e-05,0.00025807,0,3.2663e-05,0.015934,0.55529,-0.22887,0.069642,0.00039379,0.059577,-0.086893,0.015006,-5.2302e-05,0.12752,-0.2149,0.039008,1,0.066111,21,0.078611,1.5
0,0,0,0,0,0,0,0,0,0,0,0,0,0,0,0,0.99844,1,0.9865,0.0012136,303.21,303.21,303.21,5.8254e-05,0,0,0,0,3.046e-05,0.00018903,0,2.6202e-05,0.013869,0.53098,-0.22983,0.069801,0.00070422,0.068534,-0.10874,0.018553,-0.00058877,0.12774,-0.22712,0.041759,1,0.082639,21,0.095139,1.5
0,0,0,0,0,0,0,0,0,0,0,0,0,0,0,0,0.99843,1,0.98642,0.0012215,303.21,303.21,303.21,5.8254e-05,0,0,0,0,2.9864e-05,0.00015276,0,2.3388e-05,0.011795,0.51539,-0.22531,0.07018,0.00090742,0.074006,-0.1325,0.021934,-0.0010321,0.12287,-0.21779,0.04279,1,0.099167,21,0.11167,1.5
0,0,0,0,0,0,0,0,0,0,0,0,0,0,0,0,0.99843,1,0.98639,0.0012242,303.21,303.21,303.21,5.8254e-05,0,0,0,0,3.1613e-05,0.00018146,0,2.7802e-05,0.0097025,0.5171,-0.20993,0.070995,0.00089809,0.072567,-0.16005,0.024988,-0.0012906,0.10793,-0.16572,0.040412,1,0.11569,21,0.12819,1.5
0,0,0,0,0,0,0,0,0,0,0,0,0,0,0,0,0.99843,1,0.98633,0.0012302,303.21,303.21,303.21,5.8254e-05,0,0,0,0,3.2816e-05,0.0001998,0,3.0699e-05,0.0076463,0.52926,-0.19732,0.072661,0.00078482,0.070369,-0.18991,0.028146,-0.0015837,0.099924,-0.13541,0.038785,1,0.13222,21,0.14472,1.5
0,0,0,0,0,0,0,0,0,0,0,0,0,0,0,0,0.99843,1,0.98623,0.0012398,303.21,303.21,303.21,5.8254e-05,0,0,0,0,3.3472e-05,0.0002078,0,3.2083e-05,0.0056263,0.55183,-0.18747,0.075176,0.00056792,0.067413,-0.22208,0.031409,-0.0019112,0.098837,-0.12679,0.037905,1,0.14875,21,0.16125,1.5
0,0,0,0,0,0,0,0,0,0,0,0,0,0,0,0,0.99843,1,0.98612,0.0012501,303.21,303.21,303.21,5.8254e-05,0,0,0,0,3.3554e-05,0.0001912,0,3.0967e-05,0.0036071,0.55645,-0.17911,0.076512,0.0004513,0.071875,-0.25014,0.034382,-0.0022571,0.099441,-0.12362,0.037922,1,0.16528,21,0.17778,1.5
0,0,0,0,0,0,0,0,0,0,0,0,0,0,0,0,0.99843,1,0.98601,0.0012607,303.21,303.21,303.21,5.8254e-05,0,0,0,0,3.3347e-05,0.00016226,0,2.86e-05,0.0015882,0.55209,-0.1715,0.077257,0.00038493,0.080055,-0.27616,0.037211,-0.0026121,0.10089,-0.12317,0.03839,1,0.18181,21,0.19431,1.5
0,0,0,0,0,0,0,0,0,0,0,0,0,0,0,0,0.99843,1,0.98589,0.0012727,303.21,303.21,303.21,5.8254e-05,0,0,0,0,3.4442e-05,0.00020706,0,3.1165e-05,-0.0005864,0.53085,-0.16454,0.076469,0.00044929,0.088076,-0.30464,0.040165,-0.002825,0.097761,-0.1284,0.038803,1,0.19833,21,0.21083,1.5
0,0,0,0,0,0,0,0,0,0,0,0,0,0,0,0,0.99842,1,0.98576,0.0012849,303.21,303.21,303.21,5.8254e-05,0,0,0,0,3.5802e-05,0.00026681,0,3.4728e-05,-0.0027925,0.50619,-0.15771,0.075371,0.00054013,0.096064,-0.33363,0.043145,-0.0030092,0.0937,-0.13478,0.039205,1,0.21486,21,0.22736,1.5
0,0,0,0,0,0,0,0,0,0,0,0,0,0,0,0,0.99842,1,0.98553,0.001308,303.21,303.21,303.21,5.8254e-05,0,0,0,0,3.66e-05,0.00030334,0,3.7187e-05,-0.0050861,0.50041,-0.1651,0.075226,0.00080646,0.10165,-0.35868,0.045756,-0.0029267,0.088115,-0.13712,0.039901,1,0.23139,21,0.24389,1.5
0,0,0,0,0,0,0,0,0,0,0,0,0,0,0,0,0.99842,1,0.98528,0.0013325,303.21,303.21,303.21,5.8254e-05,0,0,0,0,3.7292e-05,0.0003325,0,3.9091e-05,-0.0074222,0.4916,-0.17256,0.074909,0.0010838,0.10632,-0.38351,0.04832,-0.0028185,0.082845,-0.13992,0.040667,1,0.24792,21,0.26042,1.5
0,0,0,0,0,0,0,0,0,0,0,0,0,0,0,0,0.99841,1,0.98496,0.0013637,303.21,303.21,303.21,5.8254e-05,0,0,0,0,3.7438e-05,0.00032404,0,3.8151e-05,-0.0099755,0.46696,-0.18018,0.073697,0.0014148,0.10629,-0.40726,0.05065,-0.0025811,0.079219,-0.1451,0.041788,1,0.26444,21,0.27694,1.5
0,0,0,0,0,0,0,0,0,0,0,0,0,0,0,0,0.99841,1,0.98463,0.0013959,303.21,303.21,303.21,5.8254e-05,0,0,0,0,3.8002e-05,0.00032763,0,3.8358e-05,-0.012495,0.43596,-0.18699,0.072194,0.0017629,0.10407,-0.43125,0.052957,-0.0024387,0.076312,-0.14951,0.042915,1,0.28097,21,0.29347,1.5
0,0,0,0,0,0,0,0,0,0,0,0,0,0,0,0,0.99841,1,0.98428,0.0014302,303.21,303.21,303.21,5.8254e-05,0,0,0,0,3.9424e-05,0.00035594,0,4.0915e-05,-0.014944,0.39194,-0.19211,0.070096,0.0021458,0.097399,-0.45571,0.05522,-0.0024909,0.074878,-0.15237,0.044054,1,0.2975,21,0.31,1.5
0,0,0,0,0,0,0,0,0,0,0,0,0,0,0,0,0.9984,1,0.98397,0.0014605,303.21,303.21,303.21,5.8254e-05,0,0,0,0,4.0663e-05,0.00036195,0,4.1874e-05,-0.017268,0.34097,-0.19466,0.067888,0.0026075,0.092876,-0.47937,0.057489,-0.0026159,0.073294,-0.15994,0.04506,1,0.31403,21,0.32653,1.5
0,0,0,0,0,0,0,0,0,0,0,0,0,0,0,0,0.9984,1,0.9837,0.0014869,303.21,303.21,303.21,5.8254e-05,0,0,0,0,4.1713e-05,0.00034505,0,4.1191e-05,-0.019464,0.28287,-0.19457,0.065567,0.0031501,0.090561,-0.5022,0.059765,-0.0028156,0.071554,-0.17235,0.04593,1,0.33056,21,0.34306,1.5
0,0,0,0,0,0,0,0,0,0,0,0,0,0,0,0,0.9984,1,0.98351,0.0015054,303.21,303.21,303.21,5.8254e-05,0,0,0,0,4.2015e-05,0.00033922,0,4.0528e-05,-0.021509,0.21551,-0.1918,0.063553,0.0037518,0.089152,-0.52373,0.062116,-0.002687,0.076079,-0.18077,0.046752,1,0.34708,21,0.35958,1.5
0,0,0,0,0,0,0,0,0,0,0,0,0,0,0,0,0.9984,1,0.98336,0.0015196,303.21,303.21,303.21,5.8254e-05,0,0,0,0,4.1929e-05,0.00033913,0,3.9877e-05,-0.023475,0.14336,-0.18763,0.061699,0.0043842,0.088211,-0.5446,0.064504,-0.0023882,0.08385,-0.18714,0.047548,1,0.36361,21,0.37611,1.5
0,0,0,0,0,0,0,0,0,0,0,0,0,0,0,0,0.9984,1,0.98331,0.0015242,303.21,303.21,303.21,5.8254e-05,0,0,0,0,4.1269e-05,0.00034002,0,3.9073e-05,-0.025093,0.12037,-0.18285,0.060851,0.0049366,0.096408,-0.5611,0.066552,-0.001635,0.088744,-0.18665,0.048318,1,0.38014,21,0.39264,1.5
0,0,0,0,0,0,0,0,0,0,0,0,0,0,0,0,0.99839,1,0.98329,0.0015268,303.21,303.21,303.21,5.8254e-05,0,0,0,0,4.0488e-05,0.00034113,0,3.8236e-05,-0.026636,0.10787,-0.17794,0.060218,0.0054721,0.10656,-0.57667,0.068528,-0.00078484,0.093025,-0.18471,0.049082,1,0.39667,21,0.40917,1.5
0,0,0,0,0,0,0,0,0,0,0,0,0,0,0,0,0.9984,1,0.98336,0.0015195,303.21,303.21,303.21,5.8254e-05,0,0,0,0,4.0051e-05,0.00034825,0,3.8656e-05,-0.027832,0.11287,-0.175,0.060783,0.0058383,0.1144,-0.58989,0.070061,4.4981e-05,0.10081,-0.18049,0.049638,1,0.41319,21,0.42569,1.5
0,0,0,0,0,0,0,0,0,0,0,0,0,0,0,0,0.9984,1,0.98346,0.0015104,303.21,303.21,303.21,5.8254e-05,0,0,0,0,3.9717e-05,0.0003548,0,3.9161e-05,-0.028996,0.1188,-0.1749,0.061509,0.0062032,0.1214,-0.60341,0.071582,0.00082213,0.10753,-0.17649,0.050152,1,0.42972,21,0.44222,1.5
0,0,0,0,0,0,0,0,0,0,0,0,0,0,0,0,0.9984,1,0.98365,0.0014919,303.21,303.21,303.21,5.8254e-05,0,0,0,0,3.992e-05,0.00035788,0,4.0067e-05,-0.03001,0.12879,-0.19018,0.063042,0.006571,0.12389,-0.61878,0.073058,0.0013133,0.10826,-0.17375,0.050447,1,0.44625,21,0.45875,1.5
0,0,0,0,0,0,0,0,0,0,0,0,0,0,0,0,0.9984,1,0.98388,0.0014687,303.21,303.21,303.21,5.8254e-05,0,0,0,0,4.0238e-05,0.00035906,0,4.0812e-05,-0.031004,0.13885,-0.2154,0.064766,0.0070251,0.12564,-0.63401,0.074526,0.0017147,0.10819,-0.17127,0.05069,1,0.46278,21,0.47528,1.5
0,0,0,0,0,0,0,0,0,0,0,0,0,0,0,0,0.9984,1,0.98422,0.0014358,303.21,303.21,303.21,5.8254e-05,0,0,0,0,4.0801e-05,0.00035623,0,4.1218e-05,-0.031956,0.14905,-0.2617,0.066893,0.0076622,0.12583,-0.64898,0.075975,0.0019258,0.10643,-0.16933,0.050825,1,0.47931,21,0.49181,1.5
0,0,0,0,0,0,0,0,0,0,0,0,0,0,0,0,0.99841,1,0.9846,0.0013988,303.21,303.21,303.21,5.8254e-05,0,0,0,0,4.1547e-05,0.00036321,0,4.2181e-05,-0.032972,0.1577,-0.30255,0.069025,0.0084946,0.12778,-0.65923,0.077124,0.0020379,0.10518,-0.16748,0.050891,1,0.49583,21,0.50833,1.5
0,0,0,0,0,0,0,0,0,0,0,0,0,0,0,0,0.99841,1,0.98503,0.0013573,303.21,303.21,303.21,5.8254e-05,0,0,0,0,4.2486e-05,0.00038059,0,4.3733e-05,-0.034057,0.16472,-0.33764,0.071161,0.0095337,0.13158,-0.66449,0.077956,0.0020452,0.10445,-0.16573,0.050883,1,0.51236,21,0.52486,1.5
0,0,0,0,0,0,0,0,0,0,0,0,0,0,0,0,0.99841,1,0.98547,0.0013146,303.21,303.21,303.21,5.8254e-05,0,0,0,0,4.3495e-05,0.00042445,0,4.7377e-05,-0.035254,0.17005,-0.35901,0.072837,0.010769,0.1405,-0.65949,0.078043,0.0019205,0.107,-0.16388,0.050823,1,0.52889,21,0.54139,1.5
0,0,0,0,0,0,0,0,0,0,0,0,0,0,0,0,0.99842,1,0.98591,0.0012712,303.21,303.21,303.21,5.8254e-05,0,0,0,0,4.4543e-05,0.00048248,0,5.2143e-05,-0.036513,0.17449,-0.37305,0.074266,0.012109,0.15214,-0.649,0.07773,0.0017252,0.11131,-0.16198,0.050734,1,0.54542,21,0.55792,1.5
0,0,0,0,0,0,0,0,0,0,0,0,0,0,0,0,0.99842,1,0.98632,0.0012316,303.21,303.21,303.21,5.8254e-05,0,0,0,0,4.5831e-05,0.00055543,0,5.8317e-05,-0.037711,0.17923,-0.36595,0.074905,0.013502,0.16807,-0.63052,0.07682,0.0011904,0.11495,-0.16118,0.050971,1,0.56194,21,0.57444,1.5
0,0,0,0,0,0,0,0,0,0,0,0,0,0,0,0,0.99843,1,0.98672,0.0011929,303.21,303.21,303.21,5.8254e-05,0,0,0,0,4.7174e-05,0.00063173,0,6.4807e-05,-0.038896,0.18404,-0.35411,0.075365,0.014906,0.18496,-0.61025,0.075776,0.00057935,0.11843,-0.16062,0.051281,1,0.57847,21,0.59097,1.5
0,0,0,0,0,0,0,0,0,0,0,0,0,0,0,0,0.99843,1,0.98706,0.0011606,303.21,303.21,303.21,5.8254e-05,0,0,0,0,4.8504e-05,0.00071443,0,7.2143e-05,-0.039581,0.19039,-0.31745,0.074962,0.016145,0.20075,-0.59159,0.07484,-0.00064695,0.11686,-0.17608,0.052824,1,0.595,21,0.6075,1.5
0,0,0,0,0,0,0,0,0,0,0,0,0,0,0,0,0.99843,1,0.98738,0.0011293,303.21,303.21,303.21,5.8254e-05,0,0,0,0,4.9839e-05,0.00079391,0,7.9192e-05,-0.040125,0.19659,-0.28147,0.07442,0.017329,0.21593,-0.57372,0.073954,-0.0019173,0.1145,-0.19667,0.054554,1,0.61153,21,0.62403,1.5
0,0,0,0,0,0,0,0,0,0,0,0,0,0,0,0,0.99844,1,0.98765,0.0011032,303.21,303.21,303.21,5.8254e-05,0,0,0,0,5.1206e-05,0.00085408,0,8.4494e-05,-0.039913,0.20169,-0.25196,0.073167,0.018208,0.22772,-0.56023,0.073353,-0.0033774,0.10816,-0.24522,0.057238,1,0.62806,21,0.64056,1.5
0,0,0,0,0,0,0,0,0,0,0,0,0,0,0,0,0.99844,1,0.98786,0.0010829,303.21,303.21,303.21,5.8254e-05,0,0,0,0,5.22e-05,0.00090096,0,8.8599e-05,-0.03948,0.20455,-0.22922,0.071998,0.018962,0.23909,-0.54676,0.072775,-0.0046823,0.10485,-0.29075,0.059813,1,0.64458,21,0.65708,1.5
0,0,0,0,0,0,0,0,0,0,0,0,0,0,0,0,0.99844,1,0.98794,0.0010751,303.21,303.21,303.21,5.8254e-05,0,0,0,0,5.2374e-05,0.00091863,0,9.0078e-05,-0.038563,0.20247,-0.22133,0.071014,0.019441,0.24952,-0.53335,0.072249,-0.0056463,0.10818,-0.32965,0.062147,1,0.66111,21,0.67361,1.5
0,0,0,0,0,0,0,0,0,0,0,0,0,0,0,0,0.99844,1,0.98791,0.0010785,303.21,303.21,303.21,5.8254e-05,0,0,0,0,5.2462e-05,0.00092051,0,9.0143e-05,-0.037602,0.20384,-0.21398,0.071064,0.019787,0.25929,-0.51899,0.071738,-0.0063625,0.11149,-0.35819,0.063848,1,0.67764,21,0.69014,1.5
0,0,0,0,0,0,0,0,0,0,0,0,0,0,0,0,0.99844,1,0.98776,0.0010939,303.21,303.21,303.21,5.8254e-05,0,0,0,0,5.2459e-05,0.00090516,0,8.8666e-05,-0.036592,0.20897,-0.20723,0.072242,0.019987,0.26836,-0.50358,0.071242,-0.0068086,0.11477,-0.37543,0.064859,1,0.69417,21,0.70667,1.5
0,0,0,0,0,0,0,0,0,0,0,0,0,0,0,0,0.99844,1,0.98752,0.001118,303.21,303.21,303.21,5.8254e-05,0,0,0,0,5.3565e-05,0.00087665,0,8.6134e-05,-0.035977,0.27761,-0.21212,0.075435,0.020129,0.27423,-0.49177,0.070958,-0.0072211,0.11534,-0.37788,0.06502,1,0.71069,21,0.72319,1.5
0,0,0,0,0,0,0,0,0,0,0,0,0,0,0,0,0.99843,1,0.98723,0.0011467,303.21,303.21,303.21,5.8254e-05,0,0,0,0,5.5284e-05,0.00084087,0,8.3018e-05,-0.035579,0.38137,-0.22344,0.079742,0.020239,0.27834,-0.48195,0.070792,-0.0076152,0.1144,-0.37214,0.06471,1,0.72722,21,0.73972,1.5
0,0,0,0,0,0,0,0,0,0,0,0,0,0,0,0,0.99843,1,0.98689,0.0011796,303.21,303.21,303.21,5.8254e-05,0,0,0,0,5.7013e-05,0.00080733,0,7.9983e-05,-0.035743,0.48626,-0.2317,0.085849,0.020383,0.27979,-0.48187,0.071223,-0.0077657,0.11563,-0.351,0.063745,1,0.74375,21,0.75625,1.5
0,0,0,0,0,0,0,0,0,0,0,0,0,0,0,0,0.99843,1,0.98655,0.0012135,303.21,303.21,303.21,5.8254e-05,0,0,0,0,5.8744e-05,0.00077433,0,7.6966e-05,-0.036039,0.59142,-0.23924,0.09238,0.020535,0.28062,-0.48407,0.071795,-0.0078588,0.11737,-0.32623,0.062626,1,0.76028,21,0.77278,1.5
0,0,0,0,0,0,0,0,0,0,0,0,0,0,0,0,0.99842,1,0.98615,0.0012521,303.21,303.21,303.21,5.8254e-05,0,0,0,0,6.2972e-05,0.00074721,0,7.7692e-05,-0.035405,0.68414,-0.23474,0.09888,0.020247,0.2821,-0.49482,0.073039,-0.007364,0.11872,-0.28222,0.061028,1,0.77681,21,0.78931,1.5
0,0,0,0,0,0,0,0,0,0,0,0,0,0,0,0,0.99842,1,0.98576,0.0012905,303.21,303.21,303.21,5.8254e-05,0,0,0,0,6.7335e-05,0.00072041,0,7.8959e-05,-0.03443,0.7743,-0.22958,0.10553,0.019765,0.28394,-0.50588,0.074342,-0.0068358,0.12093,-0.23697,0.059477,1,0.79333,21,0.80583,1.5
0,0,0,0,0,0,0,0,0,0,0,0,0,0,0,0,0.99842,1,0.98538,0.0013275,303.21,303.21,303.21,5.8254e-05,0,0,0,0,7.2136e-05,0.00069471,0,8.2944e-05,-0.031506,0.85072,-0.22225,0.11307,0.01817,0.28782,-0.5176,0.075898,-0.0061973,0.1285,-0.18716,0.058293,1,0.80986,21,0.82236,1.5
0,0,0,0,0,0,0,0,0,0,0,0,0,0,0,0,0.99842,1,0.98503,0.0013611,303.21,303.21,303.21,5.8254e-05,0,0,0,0,7.6713e-05,0.00067128,0,8.6837e-05,-0.028007,0.91989,-0.21721,0.12041,0.016197,0.29266,-0.52796,0.077687,-0.0054332,0.13655,-0.15182,0.057867,1,0.82639,21,0.83889,1.5
0,0,0,0,0,0,0,0,0,0,0,0,0,0,0,0,0.99842,1,0.98477,0.0013869,303.21,303.21,303.21,5.8254e-05,0,0,0,0,8.0785e-05,0.00065301,0,9.0522e-05,-0.023199,0.97261,-0.21737,0.12725,0.013365,0.2997,-0.53523,0.080007,-0.0043837,0.14569,-0.14936,0.059161,1,0.84292,21,0.85542,1.5
0,0,0,0,0,0,0,0,0,0,0,0,0,0,0,0,0.99842,1,0.98462,0.0014014,303.21,303.21,303.21,5.8254e-05,0,0,0,0,8.5372e-05,0.00064108,0,9.1485e-05,-0.017087,1.011,-0.22614,0.13196,0.010309,0.30442,-0.53805,0.082756,-0.0032297,0.23988,-0.15272,0.06533,1,0.85944,21,0.87194,1.5
0,0,0,0,0,0,0,0,0,0,0,0,0,0,0,0,0.99842,1,0.98461,0.0014031,303.21,303.21,303.21,5.8254e-05,0,0,0,0,9.0537e-05,0.00063626,0,8.9391e-05,-0.0095079,1.0332,-0.24458,0.13426,0.0070011,0.30654,-0.53586,0.085987,-0.0019581,0.42957,-0.16261,0.076976,1,0.87597,21,0.88847,1.5
0,0,0,0,0,0,0,0,0,0,0,0,0,0,0,0,0.99842,1,0.98476,0.0013895,303.21,303.21,303.21,5.8254e-05,0,0,0,0,0.00010034,0.00063988,0,8.9735e-05,0.0020941,1.0362,-0.24221,0.13499,0.0039084,0.30658,-0.52568,0.08826,-0.0015749,0.49481,-0.19262,0.08438,1,0.8925,21,0.905,1.5
0,0,0,0,0,0,0,0,0,0,0,0,0,0,0,0,0.99843,1,0.985,0.001367,303.21,303.21,303.21,5.8254e-05,0,0,0,0,0.00011278,0.00064833,0,9.1473e-05,0.015995,1.0282,-0.22795,0.13482,0.00093846,0.30545,-0.51094,0.089988,-0.0016993,0.48896,-0.23411,0.08936,1,0.90903,21,0.92153,1.5
0,0,0,0,0,0,0,0,0,0,0,0,0,0,0,0,0.99843,1,0.98538,0.0013303,303.21,303.21,303.21,5.8254e-05,0,0,0,0,0.00013595,0.00067143,0,9.6271e-05,0.041044,1.0023,-0.20025,0.13484,-0.0014188,0.30409,-0.48564,0.089229,-0.00242,0.48534,-0.23618,0.08783,1,0.92556,21,0.93806,1.5
0,0,0,0,0,0,0,0,0,0,0,0,0,0,0,0,0.99843,1,0.98581,0.0012901,303.21,303.21,303.21,5.8254e-05,0,0,0,0,0.00016177,0.00069814,0,0.00010183,0.068848,0.97195,-0.16922,0.13491,-0.0036247,0.30268,-0.45774,0.087857,-0.0032881,0.48227,-0.22851,0.08469,1,0.94208,21,0.95458,1.5
0,0,0,0,0,0,0,0,0,0,0,0,0,0,0,0,0.99844,1,0.98626,0.0012475,303.21,303.21,303.21,5.8254e-05,0,0,0,0,0.00019276,0.00071688,0,0.00011049,0.11651,0.93102,-0.15864,0.13728,-0.0057152,0.30742,-0.42212,0.086115,-0.0031615,0.49436,-0.22699,0.082469,1,0.95861,21,0.97111,1.5
0,0,0,0,0,0,0,0,0,0,0,0,0,0,0,0,0.99845,1,0.9867,0.0012058,303.21,303.21,303.21,5.8254e-05,0,0,0,0,0.00022372,0.00073098,0,0.00011823,0.16776,0.88964,-0.14537,0.14039,-0.0079299,0.314,-0.38909,0.084367,-0.0029265,0.50293,-0.22355,0.080672,1,0.97514,21,0.98764,1.5
0,0,0,0,0,0,0,0,0,0,0,0,0,0,0,0,0.99846,1,0.98709,0.0011703,303.21,303.21,303.21,5.8254e-05,0,0,0,0,0.00025342,0.0007165,0,0.00011932,0.23804,0.84766,-0.11,0.14788,-0.010982,0.33126,-0.3747,0.082655,-0.0022032,0.48523,-0.20623,0.081441,1,0.99167,21,1.0042,1.5
0,0,0,0,0,0,0,0,0,0,0,0,0,0,0,0,0.99847,1,0.98744,0.0011372,303.21,303.21,303.21,5.8254e-05,0,0,0,0,0.0002803,0.00069103,0,0.00012048,0.31383,0.82963,-0.071606,0.15532,-0.013865,0.346,-0.35603,0.080203,-0.0010933,0.46271,-0.1909,0.081852,1,1.0082,21,1.0207,1.5
0,0,0,0,0,0,0,0,0,0,0,0,0,0,0,0,0.99847,1,0.98772,0.00111,303.21,303.21,303.21,5.8254e-05,0,0,0,0,0.00030054,0.00063969,0,0.00012179,0.40254,0.86798,-0.026068,0.16264,-0.016348,0.35478,-0.3273,0.076011,0.00092702,0.42885,-0.18025,0.081422,1,1.0247,21,1.0372,1.5
0,0,0,0,0,0,0,0,0,0,0,0,0,0,0,0,0.99848,1,0.98797,0.0010861,303.21,303.21,303.21,5.8254e-05,0,0,0,0,0.00031051,0.00061896,0,0.00012484,0.49446,0.90732,-0.0012259,0.16732,-0.01755,0.34629,-0.29503,0.07087,0.0040653,0.39228,-0.17018,0.079806,1,1.0412,21,1.0538,1.5
0,0,0,0,0,0,0,0,0,0,0,0,0,0,0,0,0.99848,1,0.98818,0.0010663,303.21,303.21,303.21,5.8254e-05,0,0,0,0,0.0003086,0.00063365,0,0.00012988,0.5901,0.94782,-0.00033174,0.16894,-0.017271,0.31781,-0.25866,0.06463,0.0084974,0.35256,-0.16078,0.076817,1,1.0578,21,1.0703,1.5
0,0,0,0,0,0,0,0,0,0,0,0,0,0,0,0,0.99848,1,0.98835,0.0010502,303.21,303.21,303.21,5.8254e-05,0,0,0,0,0.00028051,0.00059771,0,0.00012323,0.67547,0.99322,0,0.16948,-0.016025,0.27823,-0.22523,0.058424,0.012484,0.31476,-0.16358,0.071409,1,1.0743,21,1.0868,1.5
0,0,0,0,0,0,0,0,0,0,0,0,0,0,0,0,0.99849,1,0.9885,0.0010363,303.21,303.21,303.21,5.8254e-05,0,0,0,0,0.00023698,0.0005319,0,0.0001097,0.75479,1.0415,0,0.16938,-0.014209,0.2321,-0.19354,0.052237,0.016208,0.2781,-0.17357,0.064575,1,1.0908,21,1.1033,1.5
0,0,0,0,0,0,0,0,0,0,0,0,0,0,0,0,0.99849,1,0.98861,0.0010252,303.21,303.21,303.21,5.8254e-05,0,0,0,0,0.00019459,0.00048054,0,9.7897e-05,0.80774,1.0692,0,0.16645,-0.013282,0.19981,-0.16569,0.047605,0.01697,0.24633,-0.16207,0.057851,1,1.1074,21,1.1199,1.5
0,0,0,0,0,0,0,0,0,0,0,0,0,0,0,0,0.9985,1,0.9887,0.0010147,303.21,303.21,303.21,5.8254e-05,0,0,0,0,0.0001525,0.00043292,0,8.6541e-05,0.85387,1.0916,0,0.16278,-0.012586,0.17111,-0.13884,0.043375,0.016966,0.21583,-0.14501,0.051156,1,1.1239,21,1.1364,1.5
0,0,0,0,0,0,0,0,0,0,0,0,0,0,0,0,0.9985,1,0.9887,0.0010128,303.21,303.21,303.21,5.8254e-05,0,0,0,0,0.00013548,0.00037833,0,7.4313e-05,0.8771,1.0989,0,0.15771,-0.01272,0.1561,-0.12629,0.041661,0.014113,0.18814,-0.13965,0.049603,1,1.1404,21,1.1529,1.5
0,0,0,0,0,0,0,0,0,0,0,0,0,0,0,0,0.9985,1,0.98869,0.0010117,303.21,303.21,303.21,5.8254e-05,0,0,0,0,0.00012107,0.00032793,0,6.314e-05,0.89845,1.1051,0,0.15248,-0.01281,0.14225,-0.11682,0.040225,0.011019,0.16274,-0.13589,0.04855,1,1.1569,21,1.1694,1.5
0,0,0,0,0,0,0,0,0,0,0,0,0,0,0,0,0.9985,1,0.98865,0.0010141,303.21,303.21,303.21,5.8254e-05,0,0,0,0,0.00011762,0.00030869,0,5.9596e-05,0.91333,1.1082,0,0.14656,-0.01235,0.13239,-0.12465,0.039991,0.0070806,0.15255,-0.13987,0.049482,1,1.1735,21,1.186,1.5
0,0,0,0,0,0,0,0,0,0,0,0,0,0,0,0,0.9985,1,0.98862,0.0010163,303.21,303.21,303.21,5.8254e-05,0,0,0,0,0.00011377,0.00029637,0,5.7309e-05,0.92793,1.1119,0,0.14118,-0.011645,0.12312,-0.12796,0.039872,0.0033091,0.13911,-0.14045,0.049796,1,1.19,21,1.2025,1.5
0,0,0,0,0,0,0,0,0,0,0,0,0,0,0,0,0.9985,1,0.9886,0.0010178,303.21,303.21,303.21,5.8254e-05,0,0,0,0,0.00010895,0.0003009,0,5.8089e-05,0.94187,1.1171,0,0.13709,-0.010338,0.1153,-0.12027,0.040034,-5.5372e-05,0.11771,-0.13275,0.048601,1,1.2065,21,1.219,1.5
0,0,0,0,0,0,0,0,0,0,0,0,0,0,0,0,0.9985,1,0.98858,0.0010196,303.21,303.21,303.21,5.8254e-05,0,0,0,0,0.00010367,0.00029922,0,5.7382e-05,0.95559,1.1242,0,0.13397,-0.0089772,0.10647,-0.11636,0.039779,-0.0029007,0.10255,-0.13142,0.047218,1,1.2231,21,1.2356,1.5
0,0,0,0,0,0,0,0,0,0,0,0,0,0,0,0,0.9985,1,0.98854,0.001022,303.21,303.21,303.21,5.8254e-05,0,0,0,0,9.7845e-05,0.00029015,0,5.4902e-05,0.96903,1.1335,0,0.132,-0.0075522,0.096438,-0.11697,0.03903,-0.005127,0.094826,-0.13771,0.045608,1,1.2396,21,1.2521,1.5
0,0,0,0,0,0,0,0,0,0,0,0,0,0,0,0,0.9985,1,0.98849,0.0010268,303.21,303.21,303.21,5.8254e-05,0,0,0,0,9.3747e-05,0.00027797,0,5.0432e-05,0.98141,1.1388,0,0.13001,-0.0063403,0.093111,-0.11554,0.038038,-0.0066552,0.10037,-0.13966,0.045084,1,1.2561,21,1.2686,1.5
0,0,0,0,0,0,0,0,0,0,0,0,0,0,0,0,0.9985,1,0.98843,0.0010329,303.21,303.21,303.21,5.8254e-05,0,0,0,0,9.0703e-05,0.0002639,0,4.475e-05,0.99314,1.1416,0,0.128,-0.0052583,0.093866,-0.11288,0.0369,-0.0077582,0.11399,-0.13897,0.045219,1,1.2726,21,1.2851,1.5
0,0,0,0,0,0,0,0,0,0,0,0,0,0,0,0,0.9985,1,0.98837,0.0010386,303.21,303.21,303.21,5.8254e-05,0,0,0,0,8.7309e-05,0.00024353,0,4.4003e-05,1.0032,1.1439,0,0.12594,-0.004621,0.088871,-0.10753,0.03603,-0.0082041,0.10998,-0.13849,0.044812,1,1.2892,21,1.3017,1.5
0,0,0,0,0,0,0,0,0,0,0,0,0,0,0,0,0.99851,1,0.98831,0.0010442,303.21,303.21,303.21,5.8254e-05,0,0,0,0,8.382e-05,0.00022144,0,4.4593e-05,1.0129,1.146,0,0.12385,-0.004104,0.082319,-0.10145,0.035234,-0.008472,0.10119,-0.13807,0.044257,1,1.3057,21,1.3182,1.5
0,0,0,0,0,0,0,0,0,0,0,0,0,0,0,0,0.99851,1,0.98825,0.0010494,303.21,303.21,303.21,5.8254e-05,0,0,0,0,8.0279e-05,0.00021489,0,4.3827e-05,1.022,1.1497,0,0.12256,-0.0041725,0.075732,-0.091797,0.034644,-0.0089656,0.089049,-0.12868,0.041447,1,1.3222,21,1.3347,1.5
0,0,0,0,0,0,0,0,0,0,0,0,0,0,0,0,0.99851,1,0.98819,0.0010546,303.21,303.21,303.21,5.8254e-05,0,0,0,0,7.6707e-05,0.00021189,0,4.2957e-05,1.0312,1.1531,0,0.12133,-0.0042973,0.070161,-0.082095,0.034066,-0.0095432,0.077443,-0.11865,0.03862,1,1.3388,21,1.3513,1.5
0,0,0,0,0,0,0,0,0,0,0,0,0,0,0,0,0.99851,1,0.98813,0.0010602,303.21,303.21,303.21,5.8254e-05,0,0,0,0,7.2916e-05,0.0002296,0,4.1816e-05,1.0411,1.1524,0,0.12026,-0.0046246,0.072205,-0.073382,0.033507,-0.010666,0.071083,-0.10716,0.03651,1,1.3553,21,1.3678,1.5
0,0,0,0,0,0,0,0,0,0,0,0,0,0,0,0,0.99851,1,0.98807,0.0010658,303.21,303.21,303.21,5.8254e-05,0,0,0,0,6.8309e-05,0.0002424,0,4.0376e-05,1.0509,1.1534,0,0.11943,-0.004926,0.075913,-0.067431,0.033002,-0.011585,0.066894,-0.099748,0.034897,1,1.3718,21,1.3843,1.5
0,0,0,0,0,0,0,0,0,0,0,0,0,0,0,0,0.99851,1,0.98802,0.0010712,303.21,303.21,303.21,5.8254e-05,0,0,0,0,6.1637e-05,0.00024273,0,3.8182e-05,1.0603,1.1588,0,0.1192,-0.0051617,0.083834,-0.06847,0.032633,-0.011986,0.068197,-0.10267,0.034538,1,1.3883,21,1.4008,1.5
0,0,0,0,0,0,0,0,0,0,0,0,0,0,0,0,0.99851,1,0.98797,0.0010766,303.21,303.21,303.21,5.8254e-05,0,0,0,0,5.6663e-05,0.00023705,0,3.6236e-05,1.0687,1.1631,0,0.11926,-0.0054352,0.089301,-0.069073,0.032378,-0.011575,0.074235,-0.099359,0.033993,1,1.4049,21,1.4174,1.5
0,0,0,0,0,0,0,0,0,0,0,0,0,0,0,0,0.99851,1,0.98791,0.0010822,303.21,303.21,303.21,5.8254e-05,0,0,0,0,5.3774e-05,0.00022397,0,3.4596e-05,1.076,1.1662,0,0.11967,-0.0057554,0.091754,-0.06914,0.032262,-0.010166,0.08609,-0.088386,0.033218,1,1.4214,21,1.4339,1.5
0,0,0,0,0,0,0,0,0,0,0,0,0,0,0,0,0.99851,1,0.98786,0.0010869,303.21,303.21,303.21,5.8254e-05,0,0,0,0,5.0771e-05,0.00021339,0,3.1637e-05,1.0824,1.1696,0,0.12018,-0.0061989,0.091739,-0.068638,0.032067,-0.0082777,0.090119,-0.083682,0.031883,1,1.4379,21,1.4504,1.5
0,0,0,0,0,0,0,0,0,0,0,0,0,0,0,0,0.99851,1,0.98782,0.0010909,303.21,303.21,303.21,5.8254e-05,0,0,0,0,4.7696e-05,0.00020438,0,2.7848e-05,1.0882,1.1733,0,0.12075,-0.0067199,0.090173,-0.06778,0.031822,-0.006088,0.089231,-0.082917,0.030196,1,1.4544,21,1.4669,1.5
0,0,0,0,0,0,0,0,0,0,0,0,0,0,0,0,0.99851,1,0.98777,0.0010957,303.21,303.21,303.21,5.8254e-05,0,0,0,0,4.5363e-05,0.00018836,0,2.6036e-05,1.0936,1.1779,0,0.12047,-0.0071956,0.094814,-0.067705,0.031093,-0.0043746,0.085067,-0.080443,0.028478,1,1.471,21,1.4835,1.5
0,0,0,0,0,0,0,0,0,0,0,0,0,0,0,0,0.99852,1,0.98772,0.0011007,303.21,303.21,303.21,5.8254e-05,0,0,0,0,4.3239e-05,0.00017036,0,2.4783e-05,1.0989,1.1827,0,0.11997,-0.0076584,0.10121,-0.067852,0.030226,-0.0027959,0.079976,-0.077485,0.026751,1,1.4875,21,1.5,1.5
0,0,0,0,0,0,0,0,0,0,0,0,0,0,0,0,0.99852,1,0.98768,0.0011049,303.21,303.21,303.21,5.8254e-05,0,0,0,0,4.112e-05,0.00013867,0,2.2933e-05,1.1037,1.1843,0,0.11882,-0.0079899,0.10356,-0.067367,0.028795,-0.001888,0.075566,-0.074901,0.025651,1,1.504,21,1.5165,1.5
0,0,0,0,0,0,0,0,0,0,0,0,0,0,0,0,0.99852,1,0.98764,0.0011089,303.21,303.21,303.21,5.8254e-05,0,0,0,0,3.886e-05,0.00010947,0,2.1087e-05,1.1083,1.1852,0,0.11769,-0.0083169,0.10456,-0.066772,0.027321,-0.0010856,0.071307,-0.071656,0.024594,1,1.5206,21,1.5331,1.5
0,0,0,0,0,0,0,0,0,0,0,0,0,0,0,0,0.99852,1,0.98761,0.0011122,303.21,303.21,303.21,5.8254e-05,0,0,0,0,3.5462e-05,0.00010676,0,1.9546e-05,1.1119,1.1825,0,0.11699,-0.0086698,0.096633,-0.065594,0.025767,-0.00081768,0.067957,-0.062908,0.023592,1,1.5371,21,1.5496,1.5
0,0,0,0,0,0,0,0,0,0,0,0,0,0,0,0,0.99852,1,0.98757,0.0011155,303.21,303.21,303.21,5.8254e-05,0,0,0,0,3.2352e-05,0.00010355,0,1.8096e-05,1.1152,1.181,0,0.1164,-0.0090051,0.090759,-0.064076,0.024272,-0.00073177,0.065511,-0.054557,0.0224,1,1.5536,21,1.5661,1.5
0,0,0,0,0,0,0,0,0,0,0,0,0,0,0,0,0.99852,1,0.98754,0.0011188,303.21,303.21,303.21,5.8254e-05,0,0,0,0,2.9997e-05,9.9023e-05,0,1.6882e-05,1.1174,1.1826,0,0.1161,-0.0092939,0.09027,-0.061669,0.02293,-0.0011237,0.065438,-0.04725,0.020707,1,1.5701,21,1.5826,1.5
0,0,0,0,0,0,0,0,0,0,0,0,0,0,0,0,0.99852,1,0.98751,0.0011221,303.21,303.21,303.21,5.8254e-05,0,0,0,0,2.8377e-05,9.3931e-05,0,1.5631e-05,1.1191,1.1845,0,0.11582,-0.0094295,0.088419,-0.058962,0.021751,-0.0016293,0.065278,-0.041978,0.018883,1,1.5867,21,1.5992,1.5
0,0,0,0,0,0,0,0,0,0,0,0,0,0,0,0,0.99852,1,0.98747,0.0011253,303.21,303.21,303.21,5.8254e-05,0,0,0,0,2.769e-05,8.8122e-05,0,1.4331e-05,1.1203,1.1868,0,0.11558,-0.0093711,0.084845,-0.055876,0.020779,-0.002279,0.065008,-0.039285,0.016893,1,1.6032,21,1.6157,1.5
0,0,0,0,0,0,0,0,0,0,0,0,0,0,0,0,0.99853,1,0.98744,0.0011286,303.21,303.21,303.21,5.8254e-05,0,0,0,0,2.6558e-05,8.6352e-05,0,1.3663e-05,1.1213,1.1892,0,0.11527,-0.0092428,0.079386,-0.053223,0.01994,-0.0026746,0.062842,-0.037473,0.015405,1,1.6197,21,1.6322,1.5
0,0,0,0,0,0,0,0,0,0,0,0,0,0,0,0,0.99853,1,0.98741,0.0011318,303.21,303.21,303.21,5.8254e-05,0,0,0,0,2.5139e-05,8.7199e-05,0,1.3405e-05,1.1221,1.1917,0,0.11492,-0.0090692,0.072705,-0.05085,0.019186,-0.0029055,0.059446,-0.036232,0.014242,1,1.6362,21,1.6487,1.5
0,0,0,0,0,0,0,0,0,0,0,0,0,0,0,0,0.99853,1,0.98738,0.0011346,303.21,303.21,303.21,5.8254e-05,0,0,0,0,2.4035e-05,8.6782e-05,0,1.3089e-05,1.1226,1.1913,0,0.11466,-0.009185,0.063504,-0.05067,0.018207,-0.0028011,0.055158,-0.034962,0.013399,1,1.6528,21,1.6653,1.5
0,0,0,0,0,0,0,0,0,0,0,0,0,0,0,0,0.99853,1,0.98735,0.0011372,303.21,303.21,303.21,5.8254e-05,0,0,0,0,2.3023e-05,8.599e-05,0,1.2756e-05,1.1229,1.1901,0,0.11441,-0.0093864,0.053558,-0.051137,0.017162,-0.0025978,0.050607,-0.033682,0.012651,1,1.6693,21,1.6818,1.5
0,0,0,0,0,0,0,0,0,0,0,0,0,0,0,0,0.99853,1,0.98733,0.0011398,303.21,303.21,303.21,5.8254e-05,0,0,0,0,2.2188e-05,8.7079e-05,0,1.1984e-05,1.123,1.1855,0,0.11424,-0.0097839,0.045414,-0.050786,0.015932,-0.0025858,0.046536,-0.03231,0.012167,1,1.6858,21,1.6983,1.5
0,0,0,0,0,0,0,0,0,0,0,0,0,0,0,0,0.99853,1,0.9873,0.0011423,303.21,303.21,303.21,5.8254e-05,0,0,0,0,2.1458e-05,8.7623e-05,0,1.1228e-05,1.123,1.1808,0,0.11407,-0.010165,0.038198,-0.050167,0.014742,-0.0026172,0.042345,-0.030945,0.011653,1,1.7024,21,1.7149,1.5
0,0,0,0,0,0,0,0,0,0,0,0,0,0,0,0,0.99853,1,0.98728,0.0011447,303.21,303.21,303.21,5.8254e-05,0,0,0,0,2.1548e-05,8.2325e-05,0,1.0878e-05,1.1231,1.1767,0,0.11385,-0.010284,0.038026,-0.047692,0.014006,-0.0029151,0.036841,-0.029689,0.010724,1,1.7189,21,1.7314,1.5
0,0,0,0,0,0,0,0,0,0,0,0,0,0,0,0,0.99853,1,0.98725,0.0011471,303.21,303.21,303.21,5.8254e-05,0,0,0,0,2.1322e-05,7.4508e-05,0,1.0359e-05,1.1232,1.1732,0,0.11363,-0.010344,0.037814,-0.045585,0.013401,-0.0031451,0.030766,-0.028675,0.0097952,1,1.7354,21,1.7479,1.5
0,0,0,0,0,0,0,0,0,0,0,0,0,0,0,0,0.99854,1,0.98723,0.0011495,303.21,303.21,303.21,5.8254e-05,0,0,0,0,2.0232e-05,5.9824e-05,0,9.3798e-06,1.1233,1.1715,0,0.11345,-0.010241,0.03749,-0.044477,0.013155,-0.0031901,0.023134,-0.028319,0.0088675,1,1.7519,21,1.7644,1.5
0,0,0,0,0,0,0,0,0,0,0,0,0,0,0,0,0.99854,1,0.98721,0.0011516,303.21,303.21,303.21,5.8254e-05,0,0,0,0,1.9405e-05,5.1479e-05,0,8.6356e-06,1.1232,1.171,0,0.11331,-0.010218,0.037101,-0.044304,0.012828,-0.003109,0.017114,-0.027148,0.0080992,1,1.7685,21,1.781,1.5
0,0,0,0,0,0,0,0,0,0,0,0,0,0,0,0,0.99854,1,0.98719,0.0011534,303.21,303.21,303.21,5.8254e-05,0,0,0,0,1.8919e-05,5.1407e-05,0,8.1985e-06,1.1229,1.1718,0,0.1132,-0.010298,0.036626,-0.04535,0.012395,-0.0028631,0.013197,-0.024912,0.0075391,1,1.785,21,1.7975,1.5
0,0,0,0,0,0,0,0,0,0,0,0,0,0,0,0,0.99854,1,0.98717,0.0011553,303.21,303.21,303.21,5.8254e-05,0,0,0,0,1.8735e-05,4.7032e-05,0,7.8138e-06,1.1225,1.1733,0,0.11314,-0.010453,0.036076,-0.04561,0.011822,-0.0027805,0.011683,-0.023332,0.0071753,1,1.8015,21,1.814,1.5
0,0,0,0,0,0,0,0,0,0,0,0,0,0,0,0,0.99854,1,0.98716,0.0011571,303.21,303.21,303.21,5.8254e-05,0,0,0,0,1.8752e-05,3.9778e-05,0,7.4642e-06,1.122,1.1753,0,0.11312,-0.010657,0.035475,-0.045343,0.011154,-0.0028071,0.011776,-0.022191,0.0069427,1,1.8181,21,1.8306,1.5
0,0,0,0,0,0,0,0,0,0,0,0,0,0,0,0,0.99854,1,0.98714,0.0011588,303.21,303.21,303.21,5.8254e-05,0,0,0,0,1.8158e-05,4.3376e-05,0,7.6605e-06,1.1219,1.1767,0,0.11307,-0.010662,0.0348,-0.043009,0.010617,-0.0030475,0.011558,-0.021511,0.0067571,1,1.8346,21,1.8471,1.5
0,0,0,0,0,0,0,0,0,0,0,0,0,0,0,0,0.99854,1,0.98712,0.0011604,303.21,303.21,303.21,5.8254e-05,0,0,0,0,1.7375e-05,5.0313e-05,0,8.0248e-06,1.1219,1.1781,0,0.11301,-0.010607,0.034102,-0.040038,0.010121,-0.0033538,0.011243,-0.020973,0.006586,1,1.8511,21,1.8636,1.5
0,0,0,0,0,0,0,0,0,0,0,0,0,0,0,0,0.99854,1,0.98711,0.0011619,303.21,303.21,303.21,5.8254e-05,0,0,0,0,1.7615e-05,4.9263e-05,0,7.464e-06,1.1222,1.177,0,0.11289,-0.010326,0.03334,-0.038188,0.0098514,-0.0032945,0.014763,-0.019909,0.0064998,1,1.8676,21,1.8801,1.5
0,0,0,0,0,0,0,0,0,0,0,0,0,0,0,0,0.99855,1,0.98709,0.0011635,303.21,303.21,303.21,5.8254e-05,0,0,0,0,1.788e-05,4.729e-05,0,6.9223e-06,1.1224,1.1755,0,0.11276,-0.01005,0.032569,-0.03688,0.0096159,-0.0031538,0.01865,-0.018891,0.0064525,1,1.8842,21,1.8967,1.5
0,0,0,0,0,0,0,0,0,0,0,0,0,0,0,0,0.99855,1,0.98708,0.0011644,303.21,303.21,303.21,5.8254e-05,0,0,0,0,1.7648e-05,4.2247e-05,0,7.2189e-06,1.1223,1.1717,0,0.11268,-0.0099744,0.031751,-0.039891,0.0095406,-0.0025024,0.023294,-0.018673,0.0067122,1,1.9007,21,1.9132,1.5
0,0,0,0,0,0,0,0,0,0,0,0,0,0,0,0,0.99855,1,0.98707,0.0011655,303.21,303.21,303.21,5.8254e-05,0,0,0,0,1.7541e-05,4.1149e-05,0,7.5278e-06,1.122,1.168,0,0.1126,-0.010015,0.030921,-0.04329,0.0094857,-0.0018905,0.026764,-0.018787,0.0070152,1,1.9172,21,1.9297,1.5
0,0,0,0,0,0,0,0,0,0,0,0,0,0,0,0,0.99855,1,0.98706,0.0011673,303.21,303.21,303.21,5.8254e-05,0,0,0,0,1.779e-05,5.1222e-05,0,7.8714e-06,1.1213,1.1646,0,0.11252,-0.010386,0.030057,-0.047787,0.0094888,-0.0013903,0.026914,-0.019844,0.0074405,1,1.9337,21,1.9462,1.5
0,0,0,0,0,0,0,0,0,0,0,0,0,0,0,0,0.99855,1,0.98704,0.0011687,303.21,303.21,303.21,5.8254e-05,0,0,0,0,1.8001e-05,5.4745e-05,0,7.7208e-06,1.1208,1.1631,0,0.11247,-0.010768,0.029177,-0.05036,0.0094747,-0.00121,0.024713,-0.021137,0.0075961,1,1.9503,21,1.9628,1.5
0,0,0,0,0,0,0,0,0,0,0,0,0,0,0,0,0.99855,1,0.98704,0.0011698,303.21,303.21,303.21,5.8254e-05,0,0,0,0,1.8161e-05,4.9458e-05,0,6.9054e-06,1.1204,1.164,0,0.11247,-0.011163,0.028278,-0.050343,0.0094375,-0.0014598,0.019352,-0.022747,0.0073889,1,1.9668,21,1.9793,1.5
0,0,0,0,0,0,0,0,0,0,0,0,0,0,0,0,0.99855,1,0.98703,0.0011706,303.21,303.21,303.21,5.8254e-05,0,0,0,0,1.78e-05,4.694e-05,0,6.7779e-06,1.1203,1.167,0,0.11251,-0.011277,0.027369,-0.048296,0.0093808,-0.0020114,0.014771,-0.023749,0.00713,1,1.9833,21,1.9958,1.5
0,0,0,0,0,0,0,0,0,0,0,0,0,0,0,0,0.99855,1,0.98702,0.0011714,303.21,303.21,303.21,5.8254e-05,0,0,0,0,1.7078e-05,4.6331e-05,0,7.1247e-06,1.1205,1.1713,0,0.11256,-0.011197,0.026453,-0.04485,0.0093105,-0.0027711,0.01073,-0.024333,0.0068356,1,1.9999,21,2.0124,1.5
0,0,0,0,0,0,0,0,0,0,0,0,0,0,0,0,0.99855,1,0.98701,0.0011721,303.21,303.21,303.21,5.8254e-05,0,0,0,0,1.7037e-05,4.1561e-05,0,6.8198e-06,1.1207,1.1735,0,0.11259,-0.010882,0.025527,-0.044072,0.0094253,-0.0034016,0.0097202,-0.024684,0.0066184,1,2.0164,21,2.0289,1.5
0,0,0,0,0,0,0,0,0,0,0,0,0,0,0,0,0.99855,1,0.987,0.0011728,303.21,303.21,303.21,5.8254e-05,0,0,0,0,1.7213e-05,3.5457e-05,0,6.306e-06,1.121,1.1749,0,0.1126,-0.010492,0.024599,-0.04415,0.0095995,-0.0039905,0.0096828,-0.024961,0.006426,1,2.0329,21,2.0454,1.5
0,0,0,0,0,0,0,0,0,0,0,0,0,0,0,0,0.99856,1,0.98699,0.0011737,303.21,303.21,303.21,5.8254e-05,0,0,0,0,1.788e-05,4.1289e-05,0,6.7801e-06,1.1208,1.1706,0,0.11257,-0.010382,0.023672,-0.049447,0.010005,-0.0040332,0.010185,-0.024501,0.0064431,1,2.0494,21,2.0619,1.5
0,0,0,0,0,0,0,0,0,0,0,0,0,0,0,0,0.99856,1,0.98699,0.0011745,303.21,303.21,303.21,5.8254e-05,0,0,0,0,1.8504e-05,4.6953e-05,0,7.2789e-06,1.1206,1.1661,0,0.11252,-0.010337,0.022745,-0.055171,0.010447,-0.0039938,0.010988,-0.024307,0.0065475,1,2.066,21,2.0785,1.5
0,0,0,0,0,0,0,0,0,0,0,0,0,0,0,0,0.99856,1,0.98698,0.0011755,303.21,303.21,303.21,5.8254e-05,0,0,0,0,1.8264e-05,4.0532e-05,0,7.1751e-06,1.12,1.1626,0,0.11247,-0.010724,0.021816,-0.06078,0.011078,-0.0035787,0.014435,-0.027505,0.0073739,1,2.0825,21,2.095,1.5
0,0,0,0,0,0,0,0,0,0,0,0,0,0,0,0,0.99856,1,0.98697,0.0011763,303.21,303.21,303.21,5.8254e-05,0,0,0,0,1.8174e-05,3.5627e-05,0,7.0925e-06,1.1196,1.1598,0,0.11243,-0.011118,0.020887,-0.065279,0.011624,-0.0032141,0.017923,-0.030482,0.008205,1,2.099,21,2.1115,1.5
0,0,0,0,0,0,0,0,0,0,0,0,0,0,0,0,0.99856,1,0.98697,0.0011764,303.21,303.21,303.21,5.8254e-05,0,0,0,0,1.8523e-05,3.5186e-05,0,7.0718e-06,1.1195,1.1593,0,0.11247,-0.011532,0.019959,-0.066514,0.011923,-0.0029981,0.021534,-0.032814,0.0090503,1,2.1156,21,2.1281,1.5
0,0,0,0,0,0,0,0,0,0,0,0,0,0,0,0,0.99856,1,0.98697,0.0011767,303.21,303.21,303.21,5.8254e-05,0,0,0,0,1.8872e-05,3.7337e-05,0,7.1025e-06,1.1196,1.1595,0,0.11254,-0.011823,0.019037,-0.06727,0.012202,-0.0030123,0.024043,-0.037239,0.0096365,1,2.1321,21,2.1446,1.5
0,0,0,0,0,0,0,0,0,0,0,0,0,0,0,0,0.99856,1,0.98696,0.0011774,303.21,303.21,303.21,5.8254e-05,0,0,0,0,1.9222e-05,4.3082e-05,0,7.2042e-06,1.12,1.1608,0,0.11265,-0.011941,0.018121,-0.067362,0.012456,-0.0033455,0.025025,-0.04457,0.0098633,1,2.1486,21,2.1611,1.5
0,0,0,0,0,0,0,0,0,0,0,0,0,0,0,0,0.99856,1,0.98696,0.0011777,303.21,303.21,303.21,5.8254e-05,0,0,0,0,1.9676e-05,4.7664e-05,0,7.8671e-06,1.1203,1.1618,0,0.11272,-0.011998,0.017554,-0.069353,0.012926,-0.0037589,0.023186,-0.047948,0.010395,1,2.1651,21,2.1776,1.5
0,0,0,0,0,0,0,0,0,0,0,0,0,0,0,0,0.99856,1,0.98696,0.0011779,303.21,303.21,303.21,5.8254e-05,0,0,0,0,2.0206e-05,5.1419e-05,0,8.929e-06,1.1206,1.1627,0,0.11276,-0.01201,0.017234,-0.072693,0.013549,-0.0042294,0.019341,-0.048517,0.011143,1,2.1817,21,2.1942,1.5
0,0,0,0,0,0,0,0,0,0,0,0,0,0,0,0,0.99856,1,0.98695,0.0011785,303.21,303.21,303.21,5.8254e-05,0,0,0,0,2.1102e-05,5.4769e-05,0,9.6065e-06,1.12,1.1623,0,0.11276,-0.012131,0.018208,-0.077309,0.014386,-0.0043257,0.021276,-0.046035,0.011617,1,2.1982,21,2.2107,1.5
0,0,0,0,0,0,0,0,0,0,0,0,0,0,0,0,0.99856,1,0.98694,0.0011794,303.21,303.21,303.21,5.8254e-05,0,0,0,0,2.2121e-05,5.7983e-05,0,1.0156e-05,1.1192,1.1614,0,0.11276,-0.012287,0.019613,-0.08235,0.015295,-0.0042973,0.02514,-0.042535,0.012001,1,2.2147,21,2.2272,1.5
0,0,0,0,0,0,0,0,0,0,0,0,0,0,0,0,0.99857,1,0.98694,0.0011795,303.21,303.21,303.21,5.8254e-05,0,0,0,0,2.4271e-05,6.4867e-05,0,1.1169e-05,1.1178,1.1646,0,0.1127,-0.012512,0.020708,-0.084902,0.016333,-0.0038122,0.026882,-0.045648,0.012352,1,2.2313,21,2.2438,1.5
0,0,0,0,0,0,0,0,0,0,0,0,0,0,0,0,0.99857,1,0.98694,0.0011795,303.21,303.21,303.21,5.8254e-05,0,0,0,0,2.6413e-05,7.3355e-05,0,1.2299e-05,1.1163,1.168,0,0.11265,-0.012741,0.021794,-0.086992,0.017388,-0.0032885,0.029046,-0.049334,0.012866,1,2.2478,21,2.2603,1.5
0,0,0,0,0,0,0,0,0,0,0,0,0,0,0,0,0.99857,1,0.98694,0.0011795,303.21,303.21,303.21,5.8254e-05,0,0,0,0,2.7254e-05,9.6259e-05,0,1.4269e-05,1.1149,1.1676,0,0.1128,-0.012939,0.023097,-0.086433,0.018483,-0.0028065,0.038245,-0.052583,0.015273,1,2.2643,21,2.2768,1.5
0,0,0,0,0,0,0,0,0,0,0,0,0,0,0,0,0.99857,1,0.98694,0.0011795,303.21,303.21,303.21,5.8254e-05,0,0,0,0,2.7994e-05,0.00011085,0,1.5742e-05,1.1135,1.1672,0,0.11301,-0.013142,0.024438,-0.085897,0.01963,-0.0024318,0.04781,-0.054948,0.017617,1,2.2808,21,2.2933,1.5
0,0,0,0,0,0,0,0,0,0,0,0,0,0,0,0,0.99857,1,0.98694,0.0011795,303.21,303.21,303.21,5.8254e-05,0,0,0,0,2.8422e-05,9.9998e-05,0,1.5697e-05,1.1119,1.1664,0,0.11343,-0.013361,0.025896,-0.085427,0.020933,-0.0023859,0.058497,-0.054608,0.019771,1,2.2974,21,2.3099,1.5
0,0,0,0,0,0,0,0,0,0,0,0,0,0,0,0,0.99857,1,0.98694,0.0011796,303.21,303.21,303.21,5.8254e-05,0,0,0,0,2.9617e-05,0.00010088,0,1.6099e-05,1.1098,1.1646,0,0.11372,-0.013594,0.027662,-0.085669,0.02228,-0.0024566,0.066321,-0.054896,0.021417,1,2.3139,21,2.3264,1.5
0,0,0,0,0,0,0,0,0,0,0,0,0,0,0,0,0.99857,1,0.98694,0.0011797,303.21,303.21,303.21,5.8254e-05,0,0,0,0,3.1906e-05,0.00011856,0,1.7141e-05,1.1068,1.1612,0,0.1138,-0.013845,0.029869,-0.086928,0.023689,-0.0026941,0.070052,-0.05608,0.022336,1,2.3304,21,2.3429,1.5
0,0,0,0,0,0,0,0,0,0,0,0,0,0,0,0,0.99857,1,0.98694,0.0011799,303.21,303.21,303.21,5.8254e-05,0,0,0,0,3.3878e-05,0.00012422,0,1.8428e-05,1.103,1.1585,0,0.11383,-0.014069,0.03253,-0.090463,0.02492,-0.0026959,0.069058,-0.057955,0.023079,1,2.3469,21,2.3594,1.5
0,0,0,0,0,0,0,0,0,0,0,0,0,0,0,0,0.99857,1,0.98694,0.0011801,303.21,303.21,303.21,5.8254e-05,0,0,0,0,3.5618e-05,0.00012108,0,1.9895e-05,1.0984,1.1564,0,0.11384,-0.014273,0.035526,-0.095667,0.02602,-0.002525,0.0646,-0.060337,0.023694,1,2.3635,21,2.376,1.5
0,0,0,0,0,0,0,0,0,0,0,0,0,0,0,0,0.99857,1,0.98694,0.0011801,303.21,303.21,303.21,5.8254e-05,0,0,0,0,3.6442e-05,0.00010741,0,1.8866e-05,1.0936,1.1563,0,0.11417,-0.014422,0.038123,-0.098666,0.026961,-0.0016199,0.065338,-0.067839,0.024638,1,2.38,21,2.3925,1.5
0,0,0,0,0,0,0,0,0,0,0,0,0,0,0,0,0.99857,1,0.98694,0.00118,303.21,303.21,303.21,5.8254e-05,0,0,0,0,3.695e-05,9.009e-05,0,1.6972e-05,1.0886,1.157,0,0.11462,-0.014552,0.040583,-0.1009,0.027847,-0.00046016,0.06788,-0.077116,0.025697,1,2.3965,21,2.409,1.5
0,0,0,0,0,0,0,0,0,0,0,0,0,0,0,0,0.99857,1,0.98694,0.0011799,303.21,303.21,303.21,5.8254e-05,0,0,0,0,3.8467e-05,0.00010207,0,1.831e-05,1.084,1.156,0,0.11519,-0.014574,0.040302,-0.099475,0.028517,0.0011792,0.069224,-0.073031,0.026519,1,2.4131,21,2.4256,1.5
0,0,0,0,0,0,0,0,0,0,0,0,0,0,0,0,0.99857,1,0.98694,0.0011798,303.21,303.21,303.21,5.8254e-05,0,0,0,0,4.0154e-05,0.00011588,0,1.9958e-05,1.0794,1.155,0,0.11576,-0.014574,0.039808,-0.09775,0.029146,0.0028236,0.070193,-0.068161,0.027363,1,2.4296,21,2.4421,1.5
0,0,0,0,0,0,0,0,0,0,0,0,0,0,0,0,0.99857,1,0.98694,0.0011797,303.21,303.21,303.21,5.8254e-05,0,0,0,0,4.2699e-05,0.00011506,0,2.1361e-05,1.0744,1.1567,0,0.11602,-0.014424,0.040142,-0.09691,0.029535,0.0039143,0.067958,-0.07052,0.028797,1,2.4461,21,2.4586,1.5
0,0,0,0,0,0,0,0,0,0,0,0,0,0,0,0,0.99857,1,0.98694,0.0011797,303.21,303.21,303.21,5.8254e-05,0,0,0,0,4.4706e-05,0.00011416,0,2.2514e-05,1.0693,1.1567,0,0.11624,-0.014285,0.040377,-0.095864,0.029918,0.0047975,0.067968,-0.072744,0.030296,1,2.4626,21,2.4751,1.5
0,0,0,0,0,0,0,0,0,0,0,0,0,0,0,0,0.99857,1,0.98694,0.0011798,303.21,303.21,303.21,5.8254e-05,0,0,0,0,4.4999e-05,0.00011298,0,2.2872e-05,1.0635,1.1517,0,0.11633,-0.01418,0.040292,-0.094163,0.030283,0.0050182,0.075142,-0.074532,0.032002,1,2.4792,21,2.4917,1.5
0,0,0,0,0,0,0,0,0,0,0,0,0,0,0,0,0.99857,1,0.98694,0.00118,303.21,303.21,303.21,5.8254e-05,0,0,0,0,4.5962e-05,0.00011963,0,2.3618e-05,1.0576,1.1511,0,0.11637,-0.014223,0.041258,-0.092086,0.03063,0.0052557,0.081572,-0.076177,0.033539,1,2.4957,21,2.5082,1.5
0,0,0,0,0,0,0,0,0,0,0,0,0,0,0,0,0.99857,1,0.98694,0.0011801,303.21,303.21,303.21,5.8254e-05,0,0,0,0,4.7916e-05,0.00013785,0,2.4939e-05,1.0517,1.1569,0,0.11631,-0.014486,0.043774,-0.089455,0.030951,0.0055182,0.086905,-0.07761,0.034826,1,2.5122,21,2.5247,1.5
0,0,0,0,0,0,0,0,0,0,0,0,0,0,0,0,0.99857,1,0.98694,0.00118,303.21,303.21,303.21,5.8254e-05,0,0,0,0,5.054e-05,0.00014555,0,2.6129e-05,1.0456,1.157,0,0.11616,-0.014865,0.044385,-0.08736,0.031103,0.0060896,0.09359,-0.08076,0.03645,1,2.5287,21,2.5412,1.5
0,0,0,0,0,0,0,0,0,0,0,0,0,0,0,0,0.99857,1,0.98694,0.0011796,303.21,303.21,303.21,5.8254e-05,0,0,0,0,5.3672e-05,0.0001453,0,2.7221e-05,1.0393,1.1527,0,0.11593,-0.01533,0.043557,-0.08567,0.031127,0.0068946,0.1013,-0.085208,0.03833,1,2.5453,21,2.5578,1.5
0,0,0,0,0,0,0,0,0,0,0,0,0,0,0,0,0.99857,1,0.98695,0.001179,303.21,303.21,303.21,5.8254e-05,0,0,0,0,5.6386e-05,0.00014383,0,2.8483e-05,1.0325,1.1468,0,0.11569,-0.015558,0.046174,-0.089788,0.031085,0.0077081,0.11314,-0.093311,0.039294,1,2.5618,21,2.5743,1.5
0,0,0,0,0,0,0,0,0,0,0,0,0,0,0,0,0.99857,1,0.98696,0.0011782,303.21,303.21,303.21,5.8254e-05,0,0,0,0,5.895e-05,0.00014193,0,2.9807e-05,1.0254,1.1404,0,0.11545,-0.0157,0.050034,-0.096001,0.03102,0.0085246,0.12648,-0.10273,0.039927,1,2.5783,21,2.5908,1.5
0,0,0,0,0,0,0,0,0,0,0,0,0,0,0,0,0.99857,1,0.98696,0.0011783,303.21,303.21,303.21,5.8254e-05,0,0,0,0,6.1341e-05,0.00019202,0,3.2708e-05,1.0181,1.1293,0,0.11565,-0.015649,0.054038,-0.10596,0.031121,0.0091705,0.11978,-0.086321,0.038712,1,2.5949,21,2.6074,1.5
0,0,0,0,0,0,0,0,0,0,0,0,0,0,0,0,0.99857,1,0.98696,0.0011785,303.21,303.21,303.21,5.8254e-05,0,0,0,0,6.3611e-05,0.00024294,0,3.5564e-05,1.0108,1.1184,0,0.11592,-0.015617,0.057686,-0.11633,0.031263,0.0097696,0.11197,-0.0685,0.03743,1,2.6114,21,2.6239,1.5
0,0,0,0,0,0,0,0,0,0,0,0,0,0,0,0,0.99857,1,0.98696,0.0011785,303.21,303.21,303.21,5.8254e-05,0,0,0,0,6.4438e-05,0.00022414,0,3.531e-05,1.0043,1.118,0,0.11665,-0.01615,0.056053,-0.12656,0.031739,0.0099728,0.11984,-0.071238,0.038097,1,2.6279,21,2.6404,1.5
0,0,0,0,0,0,0,0,0,0,0,0,0,0,0,0,0.99858,1,0.98696,0.0011785,303.21,303.21,303.21,5.8254e-05,0,0,0,0,6.6362e-05,0.00021083,0,3.6312e-05,0.99766,1.1177,0,0.11739,-0.016837,0.054537,-0.13727,0.032298,0.0098716,0.1311,-0.074371,0.039222,1,2.6444,21,2.6569,1.5
0,0,0,0,0,0,0,0,0,0,0,0,0,0,0,0,0.99858,1,0.98696,0.0011784,303.21,303.21,303.21,5.8254e-05,0,0,0,0,7.1929e-05,0.00021579,0,4.1484e-05,0.99063,1.1176,0,0.11817,-0.018038,0.053413,-0.14961,0.033132,0.0087586,0.15365,-0.078815,0.041868,1,2.661,21,2.6735,1.5
0,0,0,0,0,0,0,0,0,0,0,0,0,0,0,0,0.99858,1,0.98696,0.0011782,237.71,237.71,237.71,4.5666e-05,0,0,0,0,7.7679e-05,0.00023285,0,4.6598e-05,0.98241,1.1174,0,0.11945,-0.019156,0.052055,-0.15646,0.033623,0.0073243,0.16438,-0.08443,0.044124,1,2.6775,21,2.69,1.5
0,0,0,0,0,0,0,0,0,0,0,0,0,0,0,0,0.99858,1,0.98697,0.0011778,72.594,72.594,72.594,1.3931e-05,0,0,0,0,8.3708e-05,0.00026829,0,5.1623e-05,0.97238,1.1172,0,0.12149,-0.020146,0.050342,-0.15494,0.033595,0.0054015,0.15712,-0.091829,0.045786,1,2.694,21,2.7065,1.5
0,0,0,0,0,0,0,0,0,0,0,0,0,0,0,0,0.99858,1,0.98697,0.0011778,0.27694,0.27694,0.27694,3.4287e-08,0,0,0,0,8.9452e-05,0.00030116,0,5.5544e-05,0.96079,1.1168,0,0.12455,-0.020749,0.054747,-0.14443,0.033086,0.0040552,0.14441,-0.096343,0.045991,1,2.7106,21,2.7231,1.5
0,0,0,0,0,0,0,0,0,0,0,0,0,0,0,0,0.99858,1,0.98697,0.0011782,0.26041,0.26041,0.26041,3.541e-08,0,0,0,0,9.4972e-05,0.00033203,0,5.8604e-05,0.94798,1.1163,0,0.1284,-0.021051,0.06392,-0.12691,0.032203,0.0031581,0.12745,-0.098611,0.045061,1,2.7271,21,2.7396,1.5
0,0,0,0,0,0,0,0,0,0,0,0,0,0,0,0,0.99858,1,0.98697,0.001178,0.24388,0.24388,0.24388,5.557e-08,0,0,0,0,0.00010157,0.00033925,0,6.0917e-05,0.93381,1.1146,0,0.13289,-0.020692,0.067199,-0.11111,0.03168,0.0029565,0.1128,-0.097104,0.042897,1,2.7436,21,2.7561,1.5
0,0,0,0,0,0,0,0,0,0,0,0,0,0,0,0,0.99858,1,0.98697,0.0011776,0.22736,0.22736,0.22736,8.2858e-08,0,0,0,0,0.00010857,0.00033763,0,6.2951e-05,0.91912,1.1125,0,0.13761,-0.020085,0.068269,-0.095954,0.031291,0.0030153,0.099018,-0.094183,0.040272,1,2.7601,21,2.7726,1.5
0,0,0,0,0,0,0,0,0,0,0,0,0,0,0,0,0.99858,1,0.98698,0.0011768,0.20656,0.20656,0.20656,5.8903e-08,0,0,0,0,0.00011639,0.00038587,0,7.0134e-05,0.90113,1.1057,0,0.1415,-0.018643,0.076005,-0.098426,0.029922,0.0024564,0.095719,-0.085696,0.038368,1,2.7767,21,2.7892,1.5
0,0,0,0,0,0,0,0,0,0,0,0,0,0,0,0,0.99858,1,0.98699,0.001176,0.18514,0.18514,0.18514,3.0126e-08,0,0,0,0,0.00012481,0.00043707,0,7.7571e-05,0.88229,1.0976,0,0.14521,-0.017095,0.083468,-0.10224,0.028291,0.0017788,0.093331,-0.077203,0.03653,1,2.7932,21,2.8057,1.5
0,0,0,0,0,0,0,0,0,0,0,0,0,0,0,0,0.99858,1,0.98699,0.0011763,0.16183,0.16183,0.16183,2.2643e-08,0,0,0,0,0.00014126,0.00043972,0,7.9154e-05,0.85639,1.0771,0,0.14776,-0.015461,0.073648,-0.093621,0.024328,0.00037984,0.085382,-0.079382,0.034364,1,2.8097,21,2.8222,1.5
0,0,0,0,0,0,0,0,0,0,0,0,0,0,0,0,0.99859,1,0.98699,0.0011766,0.14056,0.14056,0.14056,2.0842e-08,0,0,0,0,0.00015879,0.00044132,0,8.1669e-05,0.82759,1.0558,0,0.1497,-0.013911,0.060892,-0.082317,0.020358,-0.00094079,0.07699,-0.082214,0.032152,1,2.8262,21,2.8387,1.5
0,0,0,0,0,0,0,0,0,0,0,0,0,0,0,0,0.99859,1,0.98699,0.0011766,0.12639,0.12639,0.12639,3.8746e-08,0,0,0,0,0.00018008,0.00043928,0,8.7417e-05,0.78881,1.032,0,0.14951,-0.012652,0.03795,-0.061699,0.016366,-0.0019898,0.067059,-0.087311,0.029784,1,2.8428,21,2.8553,1.5
0,0,0,0,0,0,0,0,0,0,0,0,0,0,0,0,0.99859,1,0.98699,0.0011765,0.11296,0.11296,0.11296,4.3173e-08,0,0,0,0,0.00020356,0.0004365,0,8.9744e-05,0.74197,1.004,0,0.1474,-0.011287,0.022998,-0.0479,0.013212,-0.0028738,0.060598,-0.084136,0.027245,1,2.8593,21,2.8718,1.5
0,0,0,0,0,0,0,0,0,0,0,0,0,0,0,0,0.99859,1,0.98699,0.0011762,0.10068,0.10068,0.10068,2.6451e-08,0,0,0,0,0.00023049,0.00043255,0,8.6703e-05,0.68251,0.96937,0,0.14229,-0.0097559,0.020584,-0.0448,0.011373,-0.0034988,0.059579,-0.067981,0.024438,1,2.8758,21,2.8883,1.5
0,0,0,0,0,0,0,0,0,0,0,0,0,0,0,0,0.99859,1,0.98699,0.0011758,0.08787,0.08787,0.08787,1.7593e-08,0,0,0,0,0.00025687,0.00046714,0,8.6966e-05,0.60882,0.88705,0,0.13123,-0.007932,0.01707,-0.039297,0.0095516,-0.0035017,0.059893,-0.056684,0.021825,1,2.8924,21,2.9049,1.5
0,0,0,0,0,0,0,0,0,0,0,0,0,0,0,0,0.99859,1,0.987,0.0011752,0.074621,0.074621,0.074621,1.5048e-08,0,0,0,0,0.00028282,0.00053265,0,8.988e-05,0.52372,0.76641,0,0.11538,-0.0058729,0.012672,-0.031865,0.0077444,-0.003005,0.061276,-0.049288,0.019367,1,2.9089,21,2.9214,1.5
0,0,0,0,0,0,0,0,0,0,0,0,0,0,0,0,0.99859,1,0.987,0.0011756,0.060059,0.060059,0.060059,1.1459e-08,0,0,0,0,0.00030088,0.0005421,0,8.791e-05,0.42375,0.6292,0,0.093481,-0.0039293,0.010099,-0.023566,0.0058043,-0.0017322,0.060452,-0.041565,0.017283,1,2.9254,21,2.9379,1.5
0,0,0,0,0,0,0,0,0,0,0,0,0,0,0,0,0.99859,1,0.98699,0.0011765,0.044986,0.044986,0.044986,7.4645e-09,0,0,0,0,0.00031588,0.00052977,0,8.404e-05,0.31799,0.48556,0,0.069237,-0.0020307,0.0082336,-0.01493,0.0038124,-0.00015763,0.058771,-0.033715,0.015344,1,2.9419,21,2.9544,1.5
0,0,0,0,0,0,0,0,0,0,0,0,0.48269,0.48269,0.48269,1.6341e-08,0.99859,1,0.987,0.0011761,0.028814,0.028814,0.028814,5.5522e-09,0,0,0,0,0.00032086,0.00052666,0,7.7429e-05,0.2038,0.31668,0,0.044398,-0.00097014,0.0049423,-0.0081851,0.0021154,0.00040845,0.042726,-0.022703,0.010687,1,2.9585,21,2.971,1.5
0,0,0,0,0,0,0,0,0,0,0,0,0.97224,0.97224,0.97224,3.2913e-08,0.99863,1,0.98736,0.0011429,0.012487,0.012487,0.012487,4.0291e-09,0.027771,0.027771,0.027771,9.4014e-10,0.00031536,0.00051027,0,6.8852e-05,0.091781,0.14905,0,0.020176,-6.458e-05,0.001598,-0.0019603,0.00052593,0.00079912,0.025023,-0.011534,0.0057686,1,2.975,21,2.9875,1.5
