"GxIBM_average","GxIBM_maximum","GxIBM_minimum","GxIBM_stddev","GyIBM_average","GyIBM_maximum","GyIBM_minimum","GyIBM_stddev","GzIBM_average","GzIBM_maximum","GzIBM_minimum","GzIBM_stddev","boundary1_average","boundary1_maximum","boundary1_minimum","boundary1_stddev","boundary2_average","boundary2_maximum","boundary2_minimum","boundary2_stddev","boundary3_average","boundary3_maximum","boundary3_minimum","boundary3_stddev","neiSolid_average","neiSolid_maximum","neiSolid_minimum","neiSolid_stddev","omega_average","omega_maximum","omega_minimum","omega_stddev","rho_average","rho_maximum","rho_minimum","rho_stddev","sdf_average","sdf_maximum","sdf_minimum","sdf_stddev","solid_average","solid_maximum","solid_minimum","solid_stddev","tauSGS_average","tauSGS_maximum","tauSGS_minimum","tauSGS_stddev","u0_average","u0_maximum","u0_minimum","u0_stddev","u_average","u_maximum","u_minimum","u_stddev","v_average","v_maximum","v_minimum","v_stddev","w_average","w_maximum","w_minimum","w_stddev","vtkValidPointMask","arc_length","Points:0","Points:1","Points:2"
0,0,0,0,0,0,0,0,0,0,0,0,0,0,0,0,1,1,1,3.3854e-08,0,0,0,0,0,0,0,0,1.9967,1.9967,1.9967,9.9986e-07,1.0024,1.0091,1,0.00077111,0.016677,0.016677,0.016677,5.3066e-09,0,0,0,0,0.00022235,0.00074874,0,0.00014495,0,0,0,0,0.056049,0.2254,-0.12688,0.055018,-0.0007279,0.0096215,-0.014097,0.0043235,0.0084856,0.1193,-0.10469,0.037114,1,0,18,0,1.5
0,0,0,0,0,0,0,0,0,0,0,0,0,0,0,0,0.50034,0.50034,0.50034,1.6938e-08,0,0,0,0,0,0,0,0,1.9967,1.9967,1.9967,9.9986e-07,1.0025,1.0091,1,0.0007779,0.033344,0.033344,0.033344,8.854e-09,0,0,0,0,0.00019426,0.00061809,0,0.00011653,0,0,0,0,0.10254,0.38361,-0.15749,0.087996,-0.0026285,0.034843,-0.053067,0.015343,0.014329,0.19522,-0.17528,0.063319,1,0.016667,18,0.016667,1.5
0,0,0,0,0,0,0,0,0,0,0,0,0,0,0,0,0.00066751,0.00066751,0.00066751,2.2597e-11,0,0,0,0,0,0,0,0,1.9967,1.9967,1.9967,9.9986e-07,1.0025,1.0091,1,0.0007847,0.050011,0.050011,0.050011,1.2401e-08,0,0,0,0,0.00016618,0.00048744,0,8.812e-05,0,0,0,0,0.14903,0.54182,-0.18809,0.12097,-0.0045291,0.060065,-0.092037,0.026363,0.020173,0.27115,-0.24586,0.089525,1,0.033333,18,0.033333,1.5
0,0,0,0,0,0,0,0,0,0,0,0,0,0,0,0,0,0,0,0,0,0,0,0,0,0,0,0,1.9967,1.9967,1.9967,9.9986e-07,1.0025,1.0091,1,0.00077735,0.066677,0.066677,0.066677,1.3273e-08,0,0,0,0,0.00014979,0.00047646,0,8.1933e-05,0,0,0,0,0.17578,0.59093,-0.14152,0.12908,-0.0070186,0.092008,-0.15633,0.040561,0.02142,0.27702,-0.29056,0.097425,1,0.05,18,0.05,1.5
0,0,0,0,0,0,0,0,0,0,0,0,0,0,0,0,0,0,0,0,0,0,0,0,0,0,0,0,1.9967,1.9967,1.9967,9.9986e-07,1.0025,1.0091,1,0.00076999,0.083343,0.083343,0.083343,1.4141e-08,0,0,0,0,0.00013341,0.00046564,0,7.5776e-05,0,0,0,0,0.2025,0.63988,-0.094839,0.13715,-0.0095088,0.12396,-0.22066,0.054764,0.022661,0.28279,-0.33522,0.1053,1,0.066667,18,0.066667,1.5
0,0,0,0,0,0,0,0,0,0,0,0,0,0,0,0,0,0,0,0,0,0,0,0,0,0,0,0,1.9967,1.9967,1.9967,9.9986e-07,1.0025,1.0091,1,0.00076723,166.26,166.26,166.26,2.8395e-05,0,0,0,0,0.00012642,0.00038803,0,6.6258e-05,0,0,0,0,0.21744,0.62373,-0.076398,0.13764,-0.011462,0.14405,-0.27724,0.066152,0.02134,0.29477,-0.32207,0.10644,1,0.083333,18,0.083333,1.5
0,0,0,0,0,0,0,0,0,0,0,0,0,0,0,0,0,0,0,0,0,0,0,0,0,0,0,0,1.9967,1.9967,1.9967,9.9986e-07,1.0024,1.0091,1,0.00076449,332.89,332.89,332.89,5.6852e-05,0,0,0,0,0.00011946,0.00031025,0,5.6731e-05,0,0,0,0,0.23234,0.6074,-0.058033,0.13811,-0.013413,0.1641,-0.3338,0.077533,0.020011,0.30677,-0.30877,0.10756,1,0.1,18,0.1,1.5
0,0,0,0,0,0,0,0,0,0,0,0,0,0,0,0,0,0,0,0,0,0,0,0,0,0,0,0,1.9967,1.9967,1.9967,9.9986e-07,1.0024,1.0091,1,0.00076771,333.56,333.56,333.56,5.6966e-05,0,0,0,0,0.00011795,0.00030461,0,5.5938e-05,0,0,0,0,0.24184,0.59505,-0.030145,0.13583,-0.014349,0.17157,-0.3598,0.084628,0.019354,0.30876,-0.28334,0.1086,1,0.11667,18,0.11667,1.5
0,0,0,0,0,0,0,0,0,0,0,0,0,0,0,0,0,0,0,0,0,0,0,0,0,0,0,0,1.9967,1.9967,1.9967,9.9986e-07,1.0024,1.0091,1,0.00077094,333.56,333.56,333.56,5.6966e-05,0,0,0,0,0.00011647,0.00029926,0,5.518e-05,0,0,0,0,0.25131,0.58271,-0.0022183,0.13353,-0.01528,0.17898,-0.38567,0.091706,0.018699,0.31071,-0.25786,0.10965,1,0.13333,18,0.13333,1.5
0,0,0,0,0,0,0,0,0,0,0,0,0,0,0,0,0,0,0,0,0,0,0,0,0,0,0,0,1.9967,1.9967,1.9967,9.9986e-07,1.0024,1.0091,1,0.00077205,333.56,333.56,333.56,5.6966e-05,0,0,0,0,0.00012086,0.00032989,0,5.7448e-05,0,0,0,0,0.25678,0.58043,-0.001792,0.13052,-0.014395,0.18248,-0.37656,0.095819,0.019859,0.30775,-0.23306,0.11157,1,0.15,18,0.15,1.5
0,0,0,0,0,0,0,0,0,0,0,0,0,0,0,0,0,0,0,0,0,0,0,0,0,0,0,0,1.9967,1.9967,1.9967,9.9986e-07,1.0024,1.0091,1,0.00077314,333.56,333.56,333.56,5.6966e-05,0,0,0,0,0.00012528,0.00036072,0,5.9732e-05,0,0,0,0,0.26222,0.57822,-0.0015134,0.1275,-0.0135,0.18595,-0.36725,0.099915,0.021029,0.30477,-0.20827,0.1135,1,0.16667,18,0.16667,1.5
0,0,0,0,0,0,0,0,0,0,0,0,0,0,0,0,0,0,0,0,0,0,0,0,0,0,0,0,1.9967,1.9967,1.9967,9.9986e-07,1.0024,1.0091,1,0.0007736,333.56,333.56,333.56,5.6966e-05,0,0,0,0,0.00012737,0.00037631,0,6.1361e-05,0,0,0,0,0.26722,0.57226,-0.0012963,0.12647,-0.010949,0.20094,-0.35886,0.10326,0.022338,0.32475,-0.20505,0.11499,1,0.18333,18,0.18333,1.5
0,0,0,0,0,0,0,0,0,0,0,0,0,0,0,0,0,0,0,0,0,0,0,0,0,0,0,0,1.9967,1.9967,1.9967,9.9986e-07,1.0024,1.0091,1,0.00077406,333.56,333.56,333.56,5.6966e-05,0,0,0,0,0.00012944,0.0003918,0,6.2985e-05,0,0,0,0,0.27222,0.56628,-0.0010796,0.12546,-0.0083874,0.21601,-0.35048,0.1066,0.023648,0.34488,-0.20199,0.11649,1,0.2,18,0.2,1.5
0,0,0,0,0,0,0,0,0,0,0,0,0,0,0,0,0,0,0,0,0,0,0,0,0,0,0,0,1.9967,1.9967,1.9967,9.9986e-07,1.0024,1.0091,1,0.00077552,333.56,333.56,333.56,5.6966e-05,0,0,0,0,0.00013084,0.0003927,0,6.5554e-05,0,0,0,0,0.27751,0.5685,-0.00054361,0.12702,-0.0054816,0.23455,-0.36465,0.11012,0.024362,0.34886,-0.19256,0.11722,1,0.21667,18,0.21667,1.5
0,0,0,0,0,0,0,0,0,0,0,0,0,0,0,0,0,0,0,0,0,0,0,0,0,0,0,0,1.9967,1.9967,1.9967,9.9986e-07,1.0024,1.0091,1,0.00077699,333.56,333.56,333.56,5.6966e-05,0,0,0,0,0.00013224,0.00039348,0,6.813e-05,0,0,0,0,0.28279,0.5708,-5.0367e-06,0.12861,-0.0025731,0.25311,-0.37901,0.11365,0.025072,0.35271,-0.18309,0.11794,1,0.23333,18,0.23333,1.5
0,0,0,0,0,0,0,0,0,0,0,0,0,0,0,0,0,0,0,0,0,0,0,0,0,0,0,0,1.9967,1.9967,1.9967,9.9986e-07,1.0024,1.0091,1,0.00077989,333.56,333.56,333.56,5.6966e-05,0,0,0,0,0.00013303,0.00039498,0,6.8713e-05,0,0,0,0,0.28796,0.58183,-0.011684,0.13038,-0.00045544,0.2704,-0.3805,0.1171,0.024327,0.32762,-0.18348,0.11814,1,0.25,18,0.25,1.5
0,0,0,0,0,0,0,0,0,0,0,0,0,0,0,0,0,0,0,0,0,0,0,0,0,0,0,0,1.9967,1.9967,1.9967,9.9986e-07,1.0024,1.0091,1,0.00078281,333.56,333.56,333.56,5.6966e-05,0,0,0,0,0.00013382,0.00039649,0,6.9277e-05,0,0,0,0,0.29312,0.59296,-0.023479,0.13216,0.0016547,0.28767,-0.38187,0.12054,0.023568,0.30225,-0.18396,0.11833,1,0.26667,18,0.26667,1.5
0,0,0,0,0,0,0,0,0,0,0,0,0,0,0,0,0,0,0,0,0,0,0,0,0,0,0,0,1.9967,1.9967,1.9967,9.9986e-07,1.0024,1.0091,1,0.00078406,333.56,333.56,333.56,5.6966e-05,0,0,0,0,0.00013991,0.00040398,0,7.0535e-05,0,0,0,0,0.29837,0.62575,-0.011937,0.13226,0.0025907,0.29958,-0.37479,0.1232,0.020452,0.29054,-0.1937,0.1181,1,0.28333,18,0.28333,1.5
0,0,0,0,0,0,0,0,0,0,0,0,0,0,0,0,0,0,0,0,0,0,0,0,0,0,0,0,1.9967,1.9967,1.9967,9.9986e-07,1.0024,1.0091,1,0.00078529,333.56,333.56,333.56,5.6966e-05,0,0,0,0,0.00014605,0.00041153,0,7.1801e-05,0,0,0,0,0.30362,0.65877,-0.00014181,0.13235,0.003514,0.31143,-0.36761,0.12585,0.017311,0.27898,-0.20355,0.11787,1,0.3,18,0.3,1.5
0,0,0,0,0,0,0,0,0,0,0,0,0,0,0,0,0,0,0,0,0,0,0,0,0,0,0,0,1.9967,1.9967,1.9967,9.9986e-07,1.0024,1.0091,1,0.00078849,333.56,333.56,333.56,5.6966e-05,0,0,0,0,0.00014927,0.00040144,0,7.2377e-05,0,0,0,0,0.30938,0.68622,0,0.13301,0.0036901,0.31654,-0.37432,0.12762,0.013524,0.29454,-0.22599,0.11977,1,0.31667,18,0.31667,1.5
0,0,0,0,0,0,0,0,0,0,0,0,0,0,0,0,0,0,0,0,0,0,0,0,0,0,0,0,1.9967,1.9967,1.9967,9.9986e-07,1.0024,1.0091,1,0.00079172,333.56,333.56,333.56,5.6966e-05,0,0,0,0,0.00015245,0.00039114,0,7.2945e-05,0,0,0,0,0.31515,0.71359,0,0.13368,0.0038571,0.32156,-0.38119,0.12939,0.0097285,0.31042,-0.24859,0.12169,1,0.33333,18,0.33333,1.5
0,0,0,0,0,0,0,0,0,0,0,0,0,0,0,0,0,0,0,0,0,0,0,0,0,0,0,0,1.9967,1.9967,1.9967,9.9986e-07,1.0024,1.0091,1,0.00079602,333.56,333.56,333.56,5.6966e-05,0,0,0,0,0.00015266,0.00034769,0,7.1471e-05,0,0,0,0,0.32142,0.73431,0,0.13573,0.0039105,0.32332,-0.37892,0.13091,0.0082475,0.31957,-0.28543,0.12512,1,0.35,18,0.35,1.5
0,0,0,0,0,0,0,0,0,0,0,0,0,0,0,0,0,0,0,0,0,0,0,0,0,0,0,0,1.9967,1.9967,1.9967,9.9986e-07,1.0023,1.0091,1,0.00080035,333.56,333.56,333.56,5.6966e-05,0,0,0,0,0.00015282,0.00030379,0,6.997e-05,0,0,0,0,0.32769,0.75493,0,0.13779,0.0039623,0.32504,-0.37653,0.13242,0.0067978,0.32862,-0.32246,0.12858,1,0.36667,18,0.36667,1.5
0,0,0,0,0,0,0,0,0,0,0,0,0,0,0,0,0,0,0,0,0,0,0,0,0,0,0,0,1.9967,1.9967,1.9967,9.9986e-07,1.0023,1.0091,1,0.00080319,333.56,333.56,333.56,5.6966e-05,0,0,0,0,0.00015298,0.00033786,0,6.9348e-05,0,0,0,0,0.33532,0.76581,0,0.1401,0.0036089,0.32918,-0.36081,0.13341,0.0079334,0.33925,-0.34788,0.13161,1,0.38333,18,0.38333,1.5
0,0,0,0,0,0,0,0,0,0,0,0,0,0,0,0,0,0,0,0,0,0,0,0,0,0,0,0,1.9967,1.9967,1.9967,9.9986e-07,1.0023,1.0091,1,0.00080602,333.56,333.56,333.56,5.6966e-05,0,0,0,0,0.00015313,0.00037309,0,6.8738e-05,0,0,0,0,0.34296,0.77654,0,0.14242,0.0032494,0.33336,-0.3449,0.1344,0.0091076,0.3499,-0.37312,0.13464,1,0.4,18,0.4,1.5
0,0,0,0,0,0,0,0,0,0,0,0,0,0,0,0,0,0,0,0,0,0,0,0,0,0,0,0,1.9967,1.9967,1.9967,9.9986e-07,1.0023,1.0091,1,0.00080894,333.56,333.56,333.56,5.6966e-05,0,0,0,0,0.00015225,0.00036221,0,6.8126e-05,0,0,0,0,0.35138,0.77893,0,0.14546,0.0019883,0.34215,-0.32357,0.13407,0.010002,0.35804,-0.36053,0.13719,1,0.41667,18,0.41667,1.5
0,0,0,0,0,0,0,0,0,0,0,0,0,0,0,0,0,0,0,0,0,0,0,0,0,0,0,0,1.9967,1.9967,1.9967,9.9986e-07,1.0023,1.0091,1,0.00081186,333.56,333.56,333.56,5.6966e-05,0,0,0,0,0.00015135,0.00035057,0,6.7515e-05,0,0,0,0,0.35982,0.78118,0,0.14852,0.00071247,0.35102,-0.30217,0.13371,0.010892,0.36615,-0.34733,0.13974,1,0.43333,18,0.43333,1.5
0,0,0,0,0,0,0,0,0,0,0,0,0,0,0,0,0,0,0,0,0,0,0,0,0,0,0,0,1.9967,1.9967,1.9967,9.9986e-07,1.0023,1.0091,1,0.00080993,333.56,333.56,333.56,5.6966e-05,0,0,0,0,0.00015697,0.00033951,0,6.9407e-05,0,0,0,0,0.36848,0.77986,0,0.15102,-0.0011651,0.35889,-0.30459,0.13214,0.010555,0.35557,-0.34144,0.14291,1,0.45,18,0.45,1.5
0,0,0,0,0,0,0,0,0,0,0,0,0,0,0,0,0,0,0,0,0,0,0,0,0,0,0,0,1.9967,1.9967,1.9967,9.9986e-07,1.0023,1.0091,1,0.00080791,333.56,333.56,333.56,5.6966e-05,0,0,0,0,0.00016271,0.00032845,0,7.1343e-05,0,0,0,0,0.37715,0.77847,0,0.15352,-0.0030534,0.36674,-0.30743,0.13055,0.010196,0.34466,-0.33569,0.14609,1,0.46667,18,0.46667,1.5
0,0,0,0,0,0,0,0,0,0,0,0,0,0,0,0,0,0,0,0,0,0,0,0,0,0,0,0,1.9967,1.9967,1.9967,9.9986e-07,1.0023,1.0091,1,0.00080631,333.56,333.56,333.56,5.6966e-05,0,0,0,0,0.00016352,0.0003419,0,7.1851e-05,0,0,0,0,0.38617,0.77803,0,0.15715,-0.0054268,0.36672,-0.29282,0.12909,0.010001,0.34638,-0.36864,0.14805,1,0.48333,18,0.48333,1.5
0,0,0,0,0,0,0,0,0,0,0,0,0,0,0,0,0,0,0,0,0,0,0,0,0,0,0,0,1.9967,1.9967,1.9967,9.9986e-07,1.0023,1.0091,1,0.00080472,333.56,333.56,333.56,5.6966e-05,0,0,0,0,0.00016424,0.00035581,0,7.2333e-05,0,0,0,0,0.39519,0.77762,0,0.16081,-0.0078094,0.36655,-0.27787,0.12763,0.0098087,0.34834,-0.40233,0.14999,1,0.5,18,0.5,1.5
0,0,0,0,0,0,0,0,0,0,0,0,0,0,0,0,0,0,0,0,0,0,0,0,0,0,0,0,1.9967,1.9967,1.9967,9.9986e-07,1.0023,1.0091,1,0.00080689,333.56,333.56,333.56,5.6966e-05,0,0,0,0,0.00016148,0.00034298,0,6.9694e-05,0,0,0,0,0.40381,0.77918,0,0.16441,-0.010522,0.35499,-0.29778,0.12761,0.0099065,0.38296,-0.40206,0.14915,1,0.51667,18,0.51667,1.5
0,0,0,0,0,0,0,0,0,0,0,0,0,0,0,0,0,0,0,0,0,0,0,0,0,0,0,0,1.9967,1.9967,1.9967,9.9986e-07,1.0023,1.0091,1,0.00080914,333.56,333.56,333.56,5.6966e-05,0,0,0,0,0.00015866,0.0003296,0,6.6992e-05,0,0,0,0,0.41241,0.78078,0,0.16801,-0.013241,0.3432,-0.3184,0.12762,0.01001,0.41824,-0.40109,0.14826,1,0.53333,18,0.53333,1.5
0,0,0,0,0,0,0,0,0,0,0,0,0,0,0,0,0,0,0,0,0,0,0,0,0,0,0,0,1.9967,1.9967,1.9967,9.9986e-07,1.0023,1.0091,1,0.00081432,333.56,333.56,333.56,5.6966e-05,0,0,0,0,0.00015907,0.00034323,0,6.6278e-05,0,0,0,0,0.41938,0.78603,0,0.17035,-0.015754,0.31799,-0.33934,0.12872,0.01021,0.42806,-0.36342,0.14614,1,0.55,18,0.55,1.5
0,0,0,0,0,0,0,0,0,0,0,0,0,0,0,0,0,0,0,0,0,0,0,0,0,0,0,0,1.9967,1.9967,1.9967,9.9986e-07,1.0023,1.0091,1,0.00081956,333.56,333.56,333.56,5.6966e-05,0,0,0,0,0.00015956,0.00035744,0,6.5607e-05,0,0,0,0,0.42631,0.79136,0,0.17267,-0.018263,0.29248,-0.36028,0.12984,0.010412,0.43733,-0.32494,0.14399,1,0.56667,18,0.56667,1.5
0,0,0,0,0,0,0,0,0,0,0,0,0,0,0,0,0,0,0,0,0,0,0,0,0,0,0,0,1.9967,1.9967,1.9967,9.9986e-07,1.0023,1.0091,1,0.00081491,333.56,333.56,333.56,5.6966e-05,0,0,0,0,0.00015869,0.00038914,0,6.8945e-05,0,0,0,0,0.43158,0.85561,-0.0025264,0.17631,-0.020555,0.29144,-0.36725,0.13071,0.011587,0.43326,-0.31011,0.14282,1,0.58333,18,0.58333,1.5
0,0,0,0,0,0,0,0,0,0,0,0,0,0,0,0,0,0,0,0,0,0,0,0,0,0,0,0,1.9967,1.9967,1.9967,9.9986e-07,1.0023,1.0091,1,0.00081002,333.56,333.56,333.56,5.6966e-05,0,0,0,0,0.00015779,0.00042123,0,7.2375e-05,0,0,0,0,0.43681,0.92123,-0.0051115,0.17998,-0.022842,0.29097,-0.37389,0.13157,0.012785,0.42888,-0.29582,0.14168,1,0.6,18,0.6,1.5
0,0,0,0,0,0,0,0,0,0,0,0,0,0,0,0,0,0,0,0,0,0,0,0,0,0,0,0,1.9967,1.9967,1.9967,9.9986e-07,1.0023,1.0091,1,0.00080583,333.56,333.56,333.56,5.6966e-05,0,0,0,0,0.00015841,0.00041844,0,7.3846e-05,0,0,0,0,0.44174,0.94235,-0.01406,0.18271,-0.025182,0.28528,-0.37378,0.13173,0.014001,0.41749,-0.31101,0.14268,1,0.61667,18,0.61667,1.5
0,0,0,0,0,0,0,0,0,0,0,0,0,0,0,0,0,0,0,0,0,0,0,0,0,0,0,0,1.9967,1.9967,1.9967,9.9986e-07,1.0023,1.0091,1,0.00080166,333.56,333.56,333.56,5.6966e-05,0,0,0,0,0.00015907,0.00041479,0,7.5268e-05,0,0,0,0,0.44667,0.96238,-0.023165,0.18542,-0.027523,0.27945,-0.37349,0.13187,0.015218,0.40593,-0.32691,0.14374,1,0.63333,18,0.63333,1.5
0,0,0,0,0,0,0,0,0,0,0,0,0,0,0,0,0,0,0,0,0,0,0,0,0,0,0,0,1.9967,1.9967,1.9967,9.9986e-07,1.0023,1.0091,1,0.00080102,333.56,333.56,333.56,5.6966e-05,0,0,0,0,0.00015877,0.00038801,0,7.2976e-05,0,0,0,0,0.45309,0.94801,-0.02589,0.18632,-0.029799,0.26327,-0.36824,0.13212,0.0147,0.37669,-0.31325,0.1421,1,0.65,18,0.65,1.5
0,0,0,0,0,0,0,0,0,0,0,0,0,0,0,0,0,0,0,0,0,0,0,0,0,0,0,0,1.9967,1.9967,1.9967,9.9986e-07,1.0023,1.0091,1,0.00080047,333.56,333.56,333.56,5.6966e-05,0,0,0,0,0.00015844,0.00036061,0,7.0588e-05,0,0,0,0,0.45954,0.93275,-0.028449,0.18717,-0.032072,0.24683,-0.36286,0.13237,0.014138,0.34699,-0.29882,0.1404,1,0.66667,18,0.66667,1.5
0,0,0,0,0,0,0,0,0,0,0,0,0,0,0,0,0,0,0,0,0,0,0,0,0,0,0,0,1.9967,1.9967,1.9967,9.9986e-07,1.0023,1.0091,1,0.00080107,333.56,333.56,333.56,5.6966e-05,0,0,0,0,0.00015745,0.00036052,0,7.0901e-05,0,0,0,0,0.46809,0.90148,-0.024976,0.18613,-0.033996,0.23324,-0.35407,0.13236,0.013268,0.3558,-0.29184,0.13558,1,0.68333,18,0.68333,1.5
0,0,0,0,0,0,0,0,0,0,0,0,0,0,0,0,0,0,0,0,0,0,0,0,0,0,0,0,1.9967,1.9967,1.9967,9.9986e-07,1.0023,1.0091,1,0.00080171,333.56,333.56,333.56,5.6966e-05,0,0,0,0,0.00015644,0.00036117,0,7.1289e-05,0,0,0,0,0.4767,0.86978,-0.021338,0.18503,-0.03591,0.21973,-0.34519,0.13234,0.012389,0.36566,-0.28507,0.13069,1,0.7,18,0.7,1.5
0,0,0,0,0,0,0,0,0,0,0,0,0,0,0,0,0,0,0,0,0,0,0,0,0,0,0,0,1.9967,1.9967,1.9967,9.9986e-07,1.0023,1.0091,1,0.00080525,333.56,333.56,333.56,5.6966e-05,0,0,0,0,0.00015726,0.00039389,0,7.4334e-05,0,0,0,0,0.48628,0.85167,-0.01476,0.18302,-0.037317,0.22819,-0.33455,0.13196,0.012802,0.37857,-0.2866,0.12742,1,0.71667,18,0.71667,1.5
0,0,0,0,0,0,0,0,0,0,0,0,0,0,0,0,0,0,0,0,0,0,0,0,0,0,0,0,1.9967,1.9967,1.9967,9.9986e-07,1.0023,1.0091,1,0.00080888,333.56,333.56,333.56,5.6966e-05,0,0,0,0,0.00015813,0.00042754,0,7.7456e-05,0,0,0,0,0.49589,0.83396,-0.0080986,0.18098,-0.03871,0.23729,-0.32387,0.13156,0.013253,0.39157,-0.28837,0.12419,1,0.73333,18,0.73333,1.5
0,0,0,0,0,0,0,0,0,0,0,0,0,0,0,0,0,0,0,0,0,0,0,0,0,0,0,0,1.9967,1.9967,1.9967,9.9986e-07,1.0023,1.0091,1,0.0008093,333.56,333.56,333.56,5.6966e-05,0,0,0,0,0.00015691,0.00042121,0,7.7246e-05,0,0,0,0,0.50618,0.83875,-0.0040701,0.18063,-0.039476,0.24721,-0.31634,0.13206,0.013966,0.41423,-0.28535,0.12524,1,0.75,18,0.75,1.5
0,0,0,0,0,0,0,0,0,0,0,0,0,0,0,0,0,0,0,0,0,0,0,0,0,0,0,0,1.9967,1.9967,1.9967,9.9986e-07,1.0023,1.0091,1,0.00080961,333.56,333.56,333.56,5.6966e-05,0,0,0,0,0.00015564,0.00041367,0,7.6934e-05,0,0,0,0,0.51649,0.84423,-0.00012134,0.18033,-0.040224,0.25716,-0.3089,0.13257,0.014688,0.43718,-0.28218,0.12641,1,0.76667,18,0.76667,1.5
0,0,0,0,0,0,0,0,0,0,0,0,0,0,0,0,0,0,0,0,0,0,0,0,0,0,0,0,1.9967,1.9967,1.9967,9.9986e-07,1.0023,1.0091,1,0.00081502,333.56,333.56,333.56,5.6966e-05,0,0,0,0,0.0001539,0.00037934,0,7.6019e-05,0,0,0,0,0.52781,0.89606,-0.0013815,0.18229,-0.039954,0.28223,-0.31517,0.13398,0.015154,0.46693,-0.2831,0.12926,1,0.78333,18,0.78333,1.5
0,0,0,0,0,0,0,0,0,0,0,0,0,0,0,0,0,0,0,0,0,0,0,0,0,0,0,0,1.9967,1.9967,1.9967,9.9986e-07,1.0023,1.0091,1,0.00082059,333.56,333.56,333.56,5.6966e-05,0,0,0,0,0.00015214,0.00034417,0,7.5085e-05,0,0,0,0,0.53916,0.94936,-0.0028067,0.18433,-0.039653,0.30777,-0.32186,0.13542,0.015613,0.49689,-0.28414,0.13215,1,0.8,18,0.8,1.5
0,0,0,0,0,0,0,0,0,0,0,0,0,0,0,0,0,0,0,0,0,0,0,0,0,0,0,0,1.9967,1.9967,1.9967,9.9986e-07,1.0023,1.0091,1,0.00082188,333.56,333.56,333.56,5.6966e-05,0,0,0,0,0.00015055,0.00040479,0,7.6652e-05,0,0,0,0,0.55126,0.98165,-0.0014729,0.18478,-0.038604,0.32888,-0.32385,0.13687,0.016275,0.52105,-0.28985,0.13492,1,0.81667,18,0.81667,1.5
0,0,0,0,0,0,0,0,0,0,0,0,0,0,0,0,0,0,0,0,0,0,0,0,0,0,0,0,1.9967,1.9967,1.9967,9.9986e-07,1.0023,1.0091,1,0.00082302,333.56,333.56,333.56,5.6966e-05,0,0,0,0,0.00014896,0.00046858,0,7.8301e-05,0,0,0,0,0.56338,1.0132,-4.7606e-05,0.18518,-0.037531,0.34984,-0.32568,0.13831,0.016945,0.54502,-0.29571,0.13769,1,0.83333,18,0.83333,1.5
0,0,0,0,0,0,0,0,0,0,0,0,0,0,0,0,0,0,0,0,0,0,0,0,0,0,0,0,1.9967,1.9967,1.9967,9.9986e-07,1.0023,1.0091,1,0.00082457,333.56,333.56,333.56,5.6966e-05,0,0,0,0,0.00014457,0.00041625,0,7.5276e-05,0,0,0,0,0.57486,1.0049,0,0.18362,-0.037057,0.35739,-0.32591,0.13916,0.017432,0.54031,-0.31182,0.13922,1,0.85,18,0.85,1.5
0,0,0,0,0,0,0,0,0,0,0,0,0,0,0,0,0,0,0,0,0,0,0,0,0,0,0,0,1.9967,1.9967,1.9967,9.9986e-07,1.0023,1.0091,1,0.00082614,333.56,333.56,333.56,5.6966e-05,0,0,0,0,0.00014008,0.00035991,0,7.2088e-05,0,0,0,0,0.58633,0.99518,0,0.182,-0.036604,0.36448,-0.32608,0.13998,0.017913,0.53462,-0.32829,0.1407,1,0.86667,18,0.86667,1.5
0,0,0,0,0,0,0,0,0,0,0,0,0,0,0,0,0,0,0,0,0,0,0,0,0,0,0,0,1.9967,1.9967,1.9967,9.9986e-07,1.0023,1.0091,1,0.00082345,333.56,333.56,333.56,5.6966e-05,0,0,0,0,0.0001358,0.00033265,0,6.8201e-05,0,0,0,0,0.59548,0.97925,0,0.18041,-0.037843,0.35337,-0.32459,0.14031,0.017159,0.49035,-0.33148,0.13965,1,0.88333,18,0.88333,1.5
0,0,0,0,0,0,0,0,0,0,0,0,0,0,0,0,0,0,0,0,0,0,0,0,0,0,0,0,1.9967,1.9967,1.9967,9.9986e-07,1.0023,1.0091,1,0.00082061,333.56,333.56,333.56,5.6966e-05,0,0,0,0,0.00013153,0.00030643,0,6.4289e-05,0,0,0,0,0.60456,0.9631,0,0.17882,-0.039142,0.34161,-0.32305,0.14063,0.016361,0.44468,-0.33419,0.13851,1,0.9,18,0.9,1.5
0,0,0,0,0,0,0,0,0,0,0,0,0,0,0,0,0,0,0,0,0,0,0,0,0,0,0,0,1.9967,1.9967,1.9967,9.9986e-07,1.0023,1.0091,1,0.00081783,333.56,333.56,333.56,5.6966e-05,0,0,0,0,0.00012995,0.00031412,0,6.2887e-05,0,0,0,0,0.61206,0.96095,0,0.17842,-0.041577,0.31786,-0.31594,0.14066,0.015202,0.40524,-0.31246,0.13569,1,0.91667,18,0.91667,1.5
0,0,0,0,0,0,0,0,0,0,0,0,0,0,0,0,0,0,0,0,0,0,0,0,0,0,0,0,1.9967,1.9967,1.9967,9.9986e-07,1.0023,1.0091,1,0.00081505,333.56,333.56,333.56,5.6966e-05,0,0,0,0,0.00012848,0.00032308,0,6.1578e-05,0,0,0,0,0.61951,0.95932,0,0.17806,-0.044055,0.29366,-0.30862,0.14068,0.014029,0.36602,-0.28982,0.1328,1,0.93333,18,0.93333,1.5
0,0,0,0,0,0,0,0,0,0,0,0,0,0,0,0,0,0,0,0,0,0,0,0,0,0,0,0,1.9967,1.9967,1.9967,9.9986e-07,1.0023,1.0091,1,0.0008126,333.56,333.56,333.56,5.6966e-05,0,0,0,0,0.00012666,0.00031477,0,6.2217e-05,0,0,0,0,0.62698,0.96166,0,0.17843,-0.046143,0.28432,-0.30604,0.14082,0.01471,0.38235,-0.26456,0.13047,1,0.95,18,0.95,1.5
0,0,0,0,0,0,0,0,0,0,0,0,0,0,0,0,0,0,0,0,0,0,0,0,0,0,0,0,1.9967,1.9967,1.9967,9.9986e-07,1.0023,1.0091,1,0.00081016,333.56,333.56,333.56,5.6966e-05,0,0,0,0,0.00012483,0.0003058,0,6.2931e-05,0,0,0,0,0.63444,0.96416,0,0.17883,-0.048216,0.27555,-0.30364,0.14096,0.015463,0.40084,-0.2392,0.12815,1,0.96667,18,0.96667,1.5
0,0,0,0,0,0,0,0,0,0,0,0,0,0,0,0,0,0,0,0,0,0,0,0,0,0,0,0,1.9967,1.9967,1.9967,9.9986e-07,1.0023,1.0091,1,0.00080803,333.56,333.56,333.56,5.6966e-05,0,0,0,0,0.00012243,0.0003075,0,6.3349e-05,0,0,0,0,0.64252,0.96563,0,0.17955,-0.049085,0.27917,-0.3049,0.14042,0.017463,0.43211,-0.25382,0.12708,1,0.98333,18,0.98333,1.5
0,0,0,0,0,0,0,0,0,0,0,0,0,0,0,0,0,0,0,0,0,0,0,0,0,0,0,0,1.9967,1.9967,1.9967,9.9986e-07,1.0023,1.0091,1,0.00080591,333.56,333.56,333.56,5.6966e-05,0,0,0,0,0.00012002,0.00030964,0,6.3754e-05,0,0,0,0,0.65064,0.96707,0,0.18029,-0.049905,0.2833,-0.30631,0.13985,0.019513,0.46389,-0.27004,0.12605,1,1,18,1,1.5
0,0,0,0,0,0,0,0,0,0,0,0,0,0,0,0,0,0,0,0,0,0,0,0,0,0,0,0,1.9967,1.9967,1.9967,9.9986e-07,1.0023,1.0091,1,0.0008048,333.56,333.56,333.56,5.6966e-05,0,0,0,0,0.00012059,0.0003238,0,6.6101e-05,0,0,0,0,0.6594,0.962,0,0.18131,-0.05007,0.28452,-0.29511,0.13734,0.020315,0.48617,-0.26382,0.12465,1,1.0167,18,1.0167,1.5
0,0,0,0,0,0,0,0,0,0,0,0,0,0,0,0,0,0,0,0,0,0,0,0,0,0,0,0,1.9967,1.9967,1.9967,9.9986e-07,1.0023,1.0091,1,0.00080373,333.56,333.56,333.56,5.6966e-05,0,0,0,0,0.00012128,0.00033846,0,6.8529e-05,0,0,0,0,0.66819,0.95667,0,0.18234,-0.050208,0.28562,-0.28338,0.13475,0.021066,0.50804,-0.25666,0.12322,1,1.0333,18,1.0333,1.5
0,0,0,0,0,0,0,0,0,0,0,0,0,0,0,0,0,0,0,0,0,0,0,0,0,0,0,0,1.9967,1.9967,1.9967,9.9986e-07,1.0023,1.0091,1,0.00080402,333.56,333.56,333.56,5.6966e-05,0,0,0,0,0.00012325,0.00043822,0,7.5374e-05,0,0,0,0,0.6773,0.95051,0,0.18279,-0.050091,0.27546,-0.26516,0.13111,0.01995,0.50664,-0.23627,0.12087,1,1.05,18,1.05,1.5
0,0,0,0,0,0,0,0,0,0,0,0,0,0,0,0,0,0,0,0,0,0,0,0,0,0,0,0,1.9967,1.9967,1.9967,9.9986e-07,1.0023,1.0091,1,0.00080436,333.56,333.56,333.56,5.6966e-05,0,0,0,0,0.00012528,0.00054165,0,8.241e-05,0,0,0,0,0.68644,0.94431,0,0.18321,-0.049964,0.26482,-0.24665,0.12742,0.018754,0.50422,-0.21531,0.11847,1,1.0667,18,1.0667,1.5
0,0,0,0,0,0,0,0,0,0,0,0,0,0,0,0,0,0,0,0,0,0,0,0,0,0,0,0,1.9967,1.9967,1.9967,9.9986e-07,1.0023,1.0091,1,0.00080638,333.56,333.56,333.56,5.6966e-05,0,0,0,0,0.00012182,0.00052926,0,8.1338e-05,0,0,0,0,0.69495,0.96446,0,0.18307,-0.049461,0.26639,-0.24965,0.1246,0.016352,0.46949,-0.23904,0.11781,1,1.0833,18,1.0833,1.5
0,0,0,0,0,0,0,0,0,0,0,0,0,0,0,0,0,0,0,0,0,0,0,0,0,0,0,0,1.9967,1.9967,1.9967,9.9986e-07,1.0023,1.0091,1,0.00080847,333.56,333.56,333.56,5.6966e-05,0,0,0,0,0.00011811,0.00051169,0,7.9904e-05,0,0,0,0,0.70345,0.98578,0,0.18291,-0.048941,0.26851,-0.25361,0.12181,0.013897,0.43331,-0.26476,0.11723,1,1.1,18,1.1,1.5
0,0,0,0,0,0,0,0,0,0,0,0,0,0,0,0,0,0,0,0,0,0,0,0,0,0,0,0,1.9967,1.9967,1.9967,9.9986e-07,1.0023,1.0091,1,0.00080902,333.56,333.56,333.56,5.6966e-05,0,0,0,0,0.00011384,0.00043422,0,7.6569e-05,0,0,0,0,0.71144,0.9989,0,0.1821,-0.048194,0.28189,-0.25528,0.12056,0.010948,0.40506,-0.28271,0.11764,1,1.1167,18,1.1167,1.5
0,0,0,0,0,0,0,0,0,0,0,0,0,0,0,0,0,0,0,0,0,0,0,0,0,0,0,0,1.9967,1.9967,1.9967,9.9986e-07,1.0023,1.0091,1,0.0008095,333.56,333.56,333.56,5.6966e-05,0,0,0,0,0.00010956,0.00035399,0,7.3147e-05,0,0,0,0,0.7194,1.0117,0,0.18126,-0.047437,0.29577,-0.25685,0.11937,0.007975,0.37719,-0.3003,0.1181,1,1.1333,18,1.1333,1.5
0,0,0,0,0,0,0,0,0,0,0,0,0,0,0,0,0,0,0,0,0,0,0,0,0,0,0,0,1.9967,1.9967,1.9967,9.9986e-07,1.0023,1.0091,1,0.00081103,333.56,333.56,333.56,5.6966e-05,0,0,0,0,0.0001078,0.00035625,0,7.1933e-05,0,0,0,0,0.72808,1.0049,0,0.18038,-0.046768,0.31002,-0.25337,0.11895,0.0054824,0.34901,-0.33522,0.11731,1,1.15,18,1.15,1.5
0,0,0,0,0,0,0,0,0,0,0,0,0,0,0,0,0,0,0,0,0,0,0,0,0,0,0,0,1.9967,1.9967,1.9967,9.9986e-07,1.0023,1.0091,1,0.00081261,333.56,333.56,333.56,5.6966e-05,0,0,0,0,0.00010616,0.00036243,0,7.0825e-05,0,0,0,0,0.73679,0.99732,0,0.1795,-0.046104,0.32429,-0.24966,0.11856,0.0030127,0.32082,-0.37096,0.11645,1,1.1667,18,1.1667,1.5
0,0,0,0,0,0,0,0,0,0,0,0,0,0,0,0,0,0,0,0,0,0,0,0,0,0,0,0,1.9967,1.9967,1.9967,9.9986e-07,1.0023,1.0091,1,0.00081306,333.56,333.56,333.56,5.6966e-05,0,0,0,0,0.0001037,0.00035832,0,6.8678e-05,0,0,0,0,0.74552,0.99061,0,0.17901,-0.045313,0.3368,-0.24642,0.1183,0.0014636,0.29075,-0.39169,0.11399,1,1.1833,18,1.1833,1.5
0,0,0,0,0,0,0,0,0,0,0,0,0,0,0,0,0,0,0,0,0,0,0,0,0,0,0,0,1.9967,1.9967,1.9967,9.9986e-07,1.0023,1.0091,1,0.00081346,333.56,333.56,333.56,5.6966e-05,0,0,0,0,0.00010119,0.00035371,0,6.648e-05,0,0,0,0,0.75424,0.98395,0,0.17853,-0.044515,0.34922,-0.2432,0.11805,-4.0339e-05,0.26059,-0.41167,0.11145,1,1.2,18,1.2,1.5
0,0,0,0,0,0,0,0,0,0,0,0,0,0,0,0,0,0,0,0,0,0,0,0,0,0,0,0,1.9967,1.9967,1.9967,9.9986e-07,1.0023,1.0091,1,0.00081309,333.56,333.56,333.56,5.6966e-05,0,0,0,0,9.9418e-05,0.0003564,0,6.7293e-05,0,0,0,0,0.76193,1.0032,0,0.17783,-0.043331,0.35976,-0.23578,0.11761,-0.00044722,0.28218,-0.36937,0.1083,1,1.2167,18,1.2167,1.5
0,0,0,0,0,0,0,0,0,0,0,0,0,0,0,0,0,0,0,0,0,0,0,0,0,0,0,0,1.9967,1.9967,1.9967,9.9986e-07,1.0023,1.0091,1,0.00081268,333.56,333.56,333.56,5.6966e-05,0,0,0,0,9.7681e-05,0.00035946,0,6.8257e-05,0,0,0,0,0.76957,1.0238,0,0.17712,-0.042128,0.37021,-0.22815,0.11717,-0.00079868,0.30639,-0.32392,0.10512,1,1.2333,18,1.2333,1.5
0,0,0,0,0,0,0,0,0,0,0,0,0,0,0,0,0,0,0,0,0,0,0,0,0,0,0,0,1.9967,1.9967,1.9967,9.9986e-07,1.0023,1.0091,1,0.00081152,333.56,333.56,333.56,5.6966e-05,0,0,0,0,9.5133e-05,0.00034476,0,6.7076e-05,0,0,0,0,0.77617,1.0353,0,0.17711,-0.040603,0.37679,-0.22675,0.11676,-0.00053017,0.34299,-0.29948,0.10365,1,1.25,18,1.25,1.5
0,0,0,0,0,0,0,0,0,0,0,0,0,0,0,0,0,0,0,0,0,0,0,0,0,0,0,0,1.9967,1.9967,1.9967,9.9986e-07,1.0023,1.0091,1,0.00081032,333.56,333.56,333.56,5.6966e-05,0,0,0,0,9.2543e-05,0.00032914,0,6.5785e-05,0,0,0,0,0.78271,1.0463,0,0.17713,-0.039062,0.38317,-0.22567,0.11636,-0.00022941,0.38024,-0.27614,0.10227,1,1.2667,18,1.2667,1.5
0,0,0,0,0,0,0,0,0,0,0,0,0,0,0,0,0,0,0,0,0,0,0,0,0,0,0,0,1.9967,1.9967,1.9967,9.9986e-07,1.0023,1.0091,1,0.00080513,333.56,333.56,333.56,5.6966e-05,0,0,0,0,8.9747e-05,0.00032558,0,6.4532e-05,0,0,0,0,0.78839,1.0496,0,0.17762,-0.037403,0.38484,-0.23924,0.11578,-0.00055053,0.39779,-0.28822,0.10227,1,1.2833,18,1.2833,1.5
0,0,0,0,0,0,0,0,0,0,0,0,0,0,0,0,0,0,0,0,0,0,0,0,0,0,0,0,1.9967,1.9967,1.9967,9.9986e-07,1.0023,1.0091,1,0.00079973,333.56,333.56,333.56,5.6966e-05,0,0,0,0,8.6939e-05,0.00032266,0,6.3281e-05,0,0,0,0,0.79403,1.0525,0,0.17813,-0.035737,0.38626,-0.25358,0.11518,-0.00090491,0.41428,-0.3022,0.10233,1,1.3,18,1.3,1.5
0,0,0,0,0,0,0,0,0,0,0,0,0,0,0,0,0,0,0,0,0,0,0,0,0,0,0,0,1.9967,1.9967,1.9967,9.9986e-07,1.0023,1.0091,1,0.00079453,333.56,333.56,333.56,5.6966e-05,0,0,0,0,8.5507e-05,0.00032981,0,6.531e-05,0,0,0,0,0.80045,1.0475,0,0.177,-0.034336,0.3887,-0.2644,0.11356,-0.0019078,0.41846,-0.30241,0.10053,1,1.3167,18,1.3167,1.5
0,0,0,0,0,0,0,0,0,0,0,0,0,0,0,0,0,0,0,0,0,0,0,0,0,0,0,0,1.9967,1.9967,1.9967,9.9986e-07,1.0023,1.0091,1,0.00078935,333.56,333.56,333.56,5.6966e-05,0,0,0,0,8.415e-05,0.00033751,0,6.752e-05,0,0,0,0,0.80691,1.042,0,0.17579,-0.032948,0.3912,-0.27502,0.11189,-0.0029463,0.42196,-0.30186,0.098634,1,1.3333,18,1.3333,1.5
0,0,0,0,0,0,0,0,0,0,0,0,0,0,0,0,0,0,0,0,0,0,0,0,0,0,0,0,1.9967,1.9967,1.9967,9.9986e-07,1.0023,1.0091,1,0.00078832,333.56,333.56,333.56,5.6966e-05,0,0,0,0,8.4069e-05,0.0003624,0,7.2622e-05,0,0,0,0,0.81491,1.0366,0,0.17201,-0.03209,0.38383,-0.27496,0.10902,-0.0038091,0.41466,-0.28524,0.094894,1,1.35,18,1.35,1.5
0,0,0,0,0,0,0,0,0,0,0,0,0,0,0,0,0,0,0,0,0,0,0,0,0,0,0,0,1.9967,1.9967,1.9967,9.9986e-07,1.0023,1.0091,1,0.00078753,333.56,333.56,333.56,5.6966e-05,0,0,0,0,8.406e-05,0.00038827,0,7.7888e-05,0,0,0,0,0.823,1.0311,0,0.16809,-0.031261,0.37591,-0.27429,0.10609,-0.0046619,0.40675,-0.26772,0.091051,1,1.3667,18,1.3667,1.5
0,0,0,0,0,0,0,0,0,0,0,0,0,0,0,0,0,0,0,0,0,0,0,0,0,0,0,0,1.9967,1.9967,1.9967,9.9986e-07,1.0023,1.0091,1,0.00078455,333.56,333.56,333.56,5.6966e-05,0,0,0,0,8.2015e-05,0.00039106,0,7.95e-05,0,0,0,0,0.83118,1.0537,0,0.16403,-0.030819,0.38401,-0.26164,0.1033,-0.0058388,0.35693,-0.25928,0.085653,1,1.3833,18,1.3833,1.5
0,0,0,0,0,0,0,0,0,0,0,0,0,0,0,0,0,0,0,0,0,0,0,0,0,0,0,0,1.9967,1.9967,1.9967,9.9986e-07,1.0023,1.0091,1,0.00078145,333.56,333.56,333.56,5.6966e-05,0,0,0,0,7.9852e-05,0.00039251,0,8.0899e-05,0,0,0,0,0.83937,1.0779,0,0.15996,-0.030398,0.39304,-0.2483,0.10053,-0.0070345,0.30469,-0.25137,0.080166,1,1.4,18,1.4,1.5
0,0,0,0,0,0,0,0,0,0,0,0,0,0,0,0,0,0,0,0,0,0,0,0,0,0,0,0,1.9967,1.9967,1.9967,9.9986e-07,1.0023,1.0091,1,0.00078185,333.56,333.56,333.56,5.6966e-05,0,0,0,0,7.4961e-05,0.00038485,0,7.5555e-05,0,0,0,0,0.84623,1.0898,0,0.15719,-0.030067,0.42146,-0.24337,0.099634,-0.008554,0.24154,-0.24712,0.074484,1,1.4167,18,1.4167,1.5
0,0,0,0,0,0,0,0,0,0,0,0,0,0,0,0,0,0,0,0,0,0,0,0,0,0,0,0,1.9967,1.9967,1.9967,9.9986e-07,1.0023,1.0091,1,0.00078245,333.56,333.56,333.56,5.6966e-05,0,0,0,0,6.9909e-05,0.00037666,0,6.981e-05,0,0,0,0,0.853,1.101,0,0.1545,-0.029742,0.45103,-0.23895,0.098856,-0.010093,0.17774,-0.24308,0.06879,1,1.4333,18,1.4333,1.5
0,0,0,0,0,0,0,0,0,0,0,0,0,0,0,0,0,0,0,0,0,0,0,0,0,0,0,0,1.9967,1.9967,1.9967,9.9986e-07,1.0023,1.0091,1,0.00078445,333.56,333.56,333.56,5.6966e-05,0,0,0,0,6.5791e-05,0.00033692,0,6.348e-05,0,0,0,0,0.85809,1.0901,0,0.15228,-0.029331,0.48182,-0.23582,0.099798,-0.010365,0.16328,-0.21859,0.064244,1,1.45,18,1.45,1.5
0,0,0,0,0,0,0,0,0,0,0,0,0,0,0,0,0,0,0,0,0,0,0,0,0,0,0,0,1.9967,1.9967,1.9967,9.9986e-07,1.0023,1.0091,1,0.00078653,333.56,333.56,333.56,5.6966e-05,0,0,0,0,6.173e-05,0.00029526,0,5.7115e-05,0,0,0,0,0.86307,1.0779,0,0.15008,-0.028916,0.51269,-0.23276,0.10084,-0.01056,0.15183,-0.19285,0.059769,1,1.4667,18,1.4667,1.5
0,0,0,0,0,0,0,0,0,0,0,0,0,0,0,0,0,0,0,0,0,0,0,0,0,0,0,0,1.9967,1.9967,1.9967,9.9986e-07,1.0023,1.0091,1,0.0007827,333.56,333.56,333.56,5.6966e-05,0,0,0,0,5.9509e-05,0.0003564,0,5.8094e-05,0,0,0,0,0.86736,1.0773,0,0.14732,-0.0287,0.53624,-0.21832,0.10116,-0.0092736,0.14455,-0.19029,0.057349,1,1.4833,18,1.4833,1.5
0,0,0,0,0,0,0,0,0,0,0,0,0,0,0,0,0,0,0,0,0,0,0,0,0,0,0,0,1.9967,1.9967,1.9967,9.9986e-07,1.0023,1.0091,1,0.00077849,333.56,333.56,333.56,5.6966e-05,0,0,0,0,5.7403e-05,0.00042397,0,5.9532e-05,0,0,0,0,0.87161,1.0775,0,0.14453,-0.028497,0.55935,-0.20317,0.10144,-0.007895,0.13753,-0.18917,0.055057,1,1.5,18,1.5,1.5
0,0,0,0,0,0,0,0,0,0,0,0,0,0,0,0,0,0,0,0,0,0,0,0,0,0,0,0,1.9967,1.9967,1.9967,9.9986e-07,1.0023,1.0091,1,0.00077302,333.56,333.56,333.56,5.6966e-05,0,0,0,0,5.4631e-05,0.00040815,0,5.6635e-05,0,0,0,0,0.8756,1.0856,0,0.14313,-0.028793,0.57085,-0.20153,0.099729,-0.0068151,0.20529,-0.19451,0.056243,1,1.5167,18,1.5167,1.5
0,0,0,0,0,0,0,0,0,0,0,0,0,0,0,0,0,0,0,0,0,0,0,0,0,0,0,0,1.9967,1.9967,1.9967,9.9986e-07,1.0024,1.0091,1,0.00076747,333.56,333.56,333.56,5.6966e-05,0,0,0,0,5.1816e-05,0.000387,0,5.3462e-05,0,0,0,0,0.87957,1.0943,0,0.14182,-0.029122,0.58161,-0.20077,0.097894,-0.0057543,0.27784,-0.20025,0.057651,1,1.5333,18,1.5333,1.5
0,0,0,0,0,0,0,0,0,0,0,0,0,0,0,0,0,0,0,0,0,0,0,0,0,0,0,0,1.9967,1.9967,1.9967,9.9986e-07,1.0024,1.0091,1,0.00076531,333.56,333.56,333.56,5.6966e-05,0,0,0,0,4.9633e-05,0.00038338,0,5.2414e-05,0,0,0,0,0.88231,1.1039,0,0.14187,-0.029585,0.58201,-0.20257,0.095414,-0.0056642,0.27059,-0.19762,0.056844,1,1.55,18,1.55,1.5
0,0,0,0,0,0,0,0,0,0,0,0,0,0,0,0,0,0,0,0,0,0,0,0,0,0,0,0,1.9967,1.9967,1.9967,9.9986e-07,1.0024,1.0091,1,0.00076336,333.56,333.56,333.56,5.6966e-05,0,0,0,0,4.7491e-05,0.0003809,0,5.1506e-05,0,0,0,0,0.88497,1.1136,0,0.142,-0.030056,0.58173,-0.20455,0.092892,-0.0056375,0.25811,-0.19445,0.055892,1,1.5667,18,1.5667,1.5
0,0,0,0,0,0,0,0,0,0,0,0,0,0,0,0,0,0,0,0,0,0,0,0,0,0,0,0,1.9967,1.9967,1.9967,9.9986e-07,1.0023,1.0091,1,0.00076269,333.56,333.56,333.56,5.6966e-05,0,0,0,0,4.6618e-05,0.00034107,0,5.0601e-05,0,0,0,0,0.88626,1.1049,0,0.1409,-0.0301,0.57501,-0.20302,0.090997,-0.0059399,0.2023,-0.18928,0.052845,1,1.5833,18,1.5833,1.5
0,0,0,0,0,0,0,0,0,0,0,0,0,0,0,0,0,0,0,0,0,0,0,0,0,0,0,0,1.9967,1.9967,1.9967,9.9986e-07,1.0023,1.0091,1,0.00076212,333.56,333.56,333.56,5.6966e-05,0,0,0,0,4.583e-05,0.00029874,0,4.9697e-05,0,0,0,0,0.88747,1.0948,0,0.13972,-0.030114,0.56786,-0.20127,0.089144,-0.0062644,0.14359,-0.18398,0.049658,1,1.6,18,1.6,1.5
0,0,0,0,0,0,0,0,0,0,0,0,0,0,0,0,0,0,0,0,0,0,0,0,0,0,0,0,1.9967,1.9967,1.9967,9.9986e-07,1.0023,1.0091,1,0.0007615,333.56,333.56,333.56,5.6966e-05,0,0,0,0,4.4876e-05,0.0003119,0,4.8449e-05,0,0,0,0,0.88785,1.0964,0,0.13891,-0.029691,0.5545,-0.19758,0.087395,-0.006554,0.1315,-0.20426,0.047665,1,1.6167,18,1.6167,1.5
0,0,0,0,0,0,0,0,0,0,0,0,0,0,0,0,0,0,0,0,0,0,0,0,0,0,0,0,1.9967,1.9967,1.9967,9.9986e-07,1.0023,1.0091,1,0.00076087,333.56,333.56,333.56,5.6966e-05,0,0,0,0,4.3911e-05,0.00032886,0,4.7177e-05,0,0,0,0,0.88818,1.0987,0,0.13813,-0.029237,0.54071,-0.19375,0.085653,-0.0068413,0.12261,-0.22629,0.045753,1,1.6333,18,1.6333,1.5
0,0,0,0,0,0,0,0,0,0,0,0,0,0,0,0,0,0,0,0,0,0,0,0,0,0,0,0,1.9967,1.9967,1.9967,9.9986e-07,1.0024,1.0091,1,0.00075853,333.56,333.56,333.56,5.6966e-05,0,0,0,0,4.2406e-05,0.00030377,0,4.5246e-05,0,0,0,0,0.88816,1.0999,0,0.13866,-0.028713,0.5176,-0.19034,0.083079,-0.0068228,0.11574,-0.24343,0.045383,1,1.65,18,1.65,1.5
0,0,0,0,0,0,0,0,0,0,0,0,0,0,0,0,0,0,0,0,0,0,0,0,0,0,0,0,1.9967,1.9967,1.9967,9.9986e-07,1.0024,1.0091,1,0.00075607,333.56,333.56,333.56,5.6966e-05,0,0,0,0,4.0864e-05,0.00027573,0,4.3268e-05,0,0,0,0,0.88812,1.101,0,0.13928,-0.028185,0.49384,-0.18695,0.080448,-0.0067828,0.10901,-0.26023,0.045121,1,1.6667,18,1.6667,1.5
0,0,0,0,0,0,0,0,0,0,0,0,0,0,0,0,0,0,0,0,0,0,0,0,0,0,0,0,1.9967,1.9967,1.9967,9.9986e-07,1.0024,1.0091,1,0.00075429,333.56,333.56,333.56,5.6966e-05,0,0,0,0,4.004e-05,0.00027163,0,4.1403e-05,0,0,0,0,0.88826,1.099,0,0.13966,-0.027663,0.46197,-0.18509,0.077246,-0.0063302,0.10991,-0.26983,0.045258,1,1.6833,18,1.6833,1.5
0,0,0,0,0,0,0,0,0,0,0,0,0,0,0,0,0,0,0,0,0,0,0,0,0,0,0,0,1.9967,1.9967,1.9967,9.9986e-07,1.0024,1.0091,1,0.00075255,333.56,333.56,333.56,5.6966e-05,0,0,0,0,3.9268e-05,0.00026926,0,3.9545e-05,0,0,0,0,0.88841,1.0967,0,0.14002,-0.027142,0.42952,-0.18334,0.074003,-0.0058481,0.11136,-0.27891,0.045424,1,1.7,18,1.7,1.5
0,0,0,0,0,0,0,0,0,0,0,0,0,0,0,0,0,0,0,0,0,0,0,0,0,0,0,0,1.9967,1.9967,1.9967,9.9986e-07,1.0024,1.0091,1,0.00075173,333.56,333.56,333.56,5.6966e-05,0,0,0,0,3.8767e-05,0.00026129,0,3.7752e-05,0,0,0,0,0.88882,1.0932,0,0.13941,-0.026397,0.39744,-0.18192,0.071231,-0.00525,0.13023,-0.28449,0.045605,1,1.7167,18,1.7167,1.5
0,0,0,0,0,0,0,0,0,0,0,0,0,0,0,0,0,0,0,0,0,0,0,0,0,0,0,0,1.9967,1.9967,1.9967,9.9986e-07,1.0024,1.0091,1,0.00075097,333.56,333.56,333.56,5.6966e-05,0,0,0,0,3.8287e-05,0.00025292,0,3.5963e-05,0,0,0,0,0.88924,1.0897,0,0.13873,-0.025635,0.36539,-0.18052,0.068494,-0.0046435,0.15037,-0.28982,0.045787,1,1.7333,18,1.7333,1.5
0,0,0,0,0,0,0,0,0,0,0,0,0,0,0,0,0,0,0,0,0,0,0,0,0,0,0,0,1.9967,1.9967,1.9967,9.9986e-07,1.0024,1.0091,1,0.00075009,333.56,333.56,333.56,5.6966e-05,0,0,0,0,3.7462e-05,0.00024587,0,3.4435e-05,0,0,0,0,0.8897,1.0871,0,0.13781,-0.024596,0.33716,-0.17706,0.066525,-0.0043348,0.161,-0.28687,0.045982,1,1.75,18,1.75,1.5
0,0,0,0,0,0,0,0,0,0,0,0,0,0,0,0,0,0,0,0,0,0,0,0,0,0,0,0,1.9967,1.9967,1.9967,9.9986e-07,1.0024,1.0091,1,0.00074919,333.56,333.56,333.56,5.6966e-05,0,0,0,0,3.6611e-05,0.00023891,0,3.2928e-05,0,0,0,0,0.89016,1.0846,0,0.13688,-0.023535,0.30922,-0.17344,0.064614,-0.0040484,0.17091,-0.28331,0.046178,1,1.7667,18,1.7667,1.5
0,0,0,0,0,0,0,0,0,0,0,0,0,0,0,0,0,0,0,0,0,0,0,0,0,0,0,0,1.9967,1.9967,1.9967,9.9986e-07,1.0024,1.0091,1,0.00074891,333.56,333.56,333.56,5.6966e-05,0,0,0,0,3.6693e-05,0.00023288,0,3.2789e-05,0,0,0,0,0.89029,1.0827,0,0.13626,-0.022398,0.28299,-0.16661,0.06312,-0.004178,0.16961,-0.26374,0.045791,1,1.7833,18,1.7833,1.5
0,0,0,0,0,0,0,0,0,0,0,0,0,0,0,0,0,0,0,0,0,0,0,0,0,0,0,0,1.9967,1.9967,1.9967,9.9986e-07,1.0024,1.0091,1,0.00074867,333.56,333.56,333.56,5.6966e-05,0,0,0,0,3.6846e-05,0.00022692,0,3.2755e-05,0,0,0,0,0.8904,1.0808,0,0.13565,-0.021254,0.25688,-0.15952,0.061658,-0.0043394,0.16744,-0.24295,0.045359,1,1.8,18,1.8,1.5
0,0,0,0,0,0,0,0,0,0,0,0,0,0,0,0,0,0,0,0,0,0,0,0,0,0,0,0,1.9967,1.9967,1.9967,9.9986e-07,1.0024,1.0091,1,0.00074933,333.56,333.56,333.56,5.6966e-05,0,0,0,0,3.7546e-05,0.00020636,0,3.2063e-05,0,0,0,0,0.88974,1.0779,0,0.13527,-0.020234,0.25087,-0.15224,0.060434,-0.0046748,0.15269,-0.22658,0.044186,1,1.8167,18,1.8167,1.5
0,0,0,0,0,0,0,0,0,0,0,0,0,0,0,0,0,0,0,0,0,0,0,0,0,0,0,0,1.9967,1.9967,1.9967,9.9986e-07,1.0024,1.0091,1,0.00075007,333.56,333.56,333.56,5.6966e-05,0,0,0,0,3.8289e-05,0.00018467,0,3.132e-05,0,0,0,0,0.88902,1.0748,0,0.1349,-0.019222,0.24642,-0.14494,0.059229,-0.0050238,0.13695,-0.21056,0.042956,1,1.8333,18,1.8333,1.5
0,0,0,0,0,0,0,0,0,0,0,0,0,0,0,0,0,0,0,0,0,0,0,0,0,0,0,0,1.9967,1.9967,1.9967,9.9986e-07,1.0024,1.0091,1,0.00075086,333.56,333.56,333.56,5.6966e-05,0,0,0,0,3.9236e-05,0.00021625,0,3.3004e-05,0,0,0,0,0.88754,1.0714,0,0.13436,-0.018354,0.24178,-0.14979,0.058417,-0.0052953,0.11316,-0.20664,0.041095,1,1.85,18,1.85,1.5
0,0,0,0,0,0,0,0,0,0,0,0,0,0,0,0,0,0,0,0,0,0,0,0,0,0,0,0,1.9967,1.9967,1.9967,9.9986e-07,1.0024,1.0091,1,0.00075165,333.56,333.56,333.56,5.6966e-05,0,0,0,0,4.02e-05,0.00025205,0,3.488e-05,0,0,0,0,0.886,1.0679,0,0.13382,-0.017496,0.23713,-0.1556,0.057637,-0.0055608,0.088724,-0.20367,0.039185,1,1.8667,18,1.8667,1.5
0,0,0,0,0,0,0,0,0,0,0,0,0,0,0,0,0,0,0,0,0,0,0,0,0,0,0,0,1.9967,1.9967,1.9967,9.9986e-07,1.0024,1.0091,1,0.00075191,333.56,333.56,333.56,5.6966e-05,0,0,0,0,4.1251e-05,0.00028263,0,3.7464e-05,0,0,0,0,0.88426,1.0657,0,0.13314,-0.016767,0.23576,-0.16196,0.057269,-0.0057028,0.08578,-0.17423,0.037316,1,1.8833,18,1.8833,1.5
0,0,0,0,0,0,0,0,0,0,0,0,0,0,0,0,0,0,0,0,0,0,0,0,0,0,0,0,1.9967,1.9967,1.9967,9.9986e-07,1.0024,1.0091,1,0.00075213,333.56,333.56,333.56,5.6966e-05,0,0,0,0,4.2309e-05,0.0003128,0,4.0105e-05,0,0,0,0,0.88251,1.0636,0,0.13245,-0.016047,0.23465,-0.16836,0.056933,-0.0058349,0.084574,-0.14265,0.035451,1,1.9,18,1.9,1.5
0,0,0,0,0,0,0,0,0,0,0,0,0,0,0,0,0,0,0,0,0,0,0,0,0,0,0,0,1.9967,1.9967,1.9967,9.9986e-07,1.0024,1.0091,1,0.00075123,333.56,333.56,333.56,5.6966e-05,0,0,0,0,4.2594e-05,0.00026914,0,3.6929e-05,0,0,0,0,0.88079,1.0623,0,0.132,-0.015485,0.24075,-0.17225,0.056989,-0.0059038,0.086499,-0.14414,0.035619,1,1.9167,18,1.9167,1.5
0,0,0,0,0,0,0,0,0,0,0,0,0,0,0,0,0,0,0,0,0,0,0,0,0,0,0,0,1.9967,1.9967,1.9967,9.9986e-07,1.0024,1.0091,1,0.00075024,333.56,333.56,333.56,5.6966e-05,0,0,0,0,4.2816e-05,0.0002194,0,3.3272e-05,0,0,0,0,0.87907,1.0611,0,0.13158,-0.014936,0.24744,-0.17594,0.057076,-0.0059674,0.088681,-0.14836,0.035955,1,1.9333,18,1.9333,1.5
0,0,0,0,0,0,0,0,0,0,0,0,0,0,0,0,0,0,0,0,0,0,0,0,0,0,0,0,1.9967,1.9967,1.9967,9.9986e-07,1.0024,1.0091,1,0.00074837,333.56,333.56,333.56,5.6966e-05,0,0,0,0,4.2796e-05,0.00018285,0,3.0647e-05,0,0,0,0,0.87708,1.0586,0,0.13128,-0.014557,0.25814,-0.1756,0.05736,-0.0060518,0.087052,-0.14967,0.036961,1,1.95,18,1.95,1.5
0,0,0,0,0,0,0,0,0,0,0,0,0,0,0,0,0,0,0,0,0,0,0,0,0,0,0,0,1.9967,1.9967,1.9967,9.9986e-07,1.0024,1.0091,1,0.00074643,333.56,333.56,333.56,5.6966e-05,0,0,0,0,4.2756e-05,0.00014741,0,2.811e-05,0,0,0,0,0.87508,1.0559,0,0.13099,-0.014191,0.26918,-0.17493,0.05766,-0.0061379,0.085102,-0.15073,0.038024,1,1.9667,18,1.9667,1.5
0,0,0,0,0,0,0,0,0,0,0,0,0,0,0,0,0,0,0,0,0,0,0,0,0,0,0,0,1.9967,1.9967,1.9967,9.9986e-07,1.0024,1.0091,1,0.00074558,333.56,333.56,333.56,5.6966e-05,0,0,0,0,4.3411e-05,0.00013666,0,2.6899e-05,0,0,0,0,0.87266,1.0502,0,0.13049,-0.014032,0.27807,-0.175,0.057893,-0.0064327,0.086438,-0.14765,0.038866,1,1.9833,18,1.9833,1.5
0,0,0,0,0,0,0,0,0,0,0,0,0,0,0,0,0,0,0,0,0,0,0,0,0,0,0,0,1.9967,1.9967,1.9967,9.9986e-07,1.0024,1.0091,1,0.00074481,333.56,333.56,333.56,5.6966e-05,0,0,0,0,4.4125e-05,0.00012802,0,2.5802e-05,0,0,0,0,0.8702,1.0442,0,0.12997,-0.01389,0.28678,-0.17514,0.058121,-0.0067453,0.088054,-0.14421,0.039688,1,2,18,2,1.5
0,0,0,0,0,0,0,0,0,0,0,0,0,0,0,0,0,0,0,0,0,0,0,0,0,0,0,0,1.9967,1.9967,1.9967,9.9986e-07,1.0024,1.0091,1,0.00074467,333.56,333.56,333.56,5.6966e-05,0,0,0,0,4.5346e-05,0.00012615,0,2.5418e-05,0,0,0,0,0.86728,1.0351,0,0.12939,-0.014019,0.2884,-0.17968,0.058153,-0.0075056,0.091935,-0.13724,0.04052,1,2.0167,18,2.0167,1.5
0,0,0,0,0,0,0,0,0,0,0,0,0,0,0,0,0,0,0,0,0,0,0,0,0,0,0,0,1.9967,1.9967,1.9967,9.9986e-07,1.0024,1.0091,1,0.00074458,333.56,333.56,333.56,5.6966e-05,0,0,0,0,4.6611e-05,0.00012488,0,2.5095e-05,0,0,0,0,0.86432,1.0258,0,0.1288,-0.01417,0.28941,-0.18462,0.058168,-0.008305,0.096014,-0.12996,0.041353,1,2.0333,18,2.0333,1.5
0,0,0,0,0,0,0,0,0,0,0,0,0,0,0,0,0,0,0,0,0,0,0,0,0,0,0,0,1.9967,1.9967,1.9967,9.9986e-07,1.0024,1.0091,1,0.00074477,333.56,333.56,333.56,5.6966e-05,0,0,0,0,4.8549e-05,0.00012876,0,2.5564e-05,0,0,0,0,0.86079,1.0288,0,0.12851,-0.014458,0.28238,-0.18927,0.057958,-0.0094407,0.096748,-0.12705,0.04209,1,2.05,18,2.05,1.5
0,0,0,0,0,0,0,0,0,0,0,0,0,0,0,0,0,0,0,0,0,0,0,0,0,0,0,0,1.9967,1.9967,1.9967,9.9986e-07,1.0024,1.0091,1,0.00074499,333.56,333.56,333.56,5.6966e-05,0,0,0,0,5.0547e-05,0.0001331,0,2.6103e-05,0,0,0,0,0.8572,1.0329,0,0.12824,-0.014758,0.27464,-0.1939,0.057728,-0.010606,0.097186,-0.12453,0.042818,1,2.0667,18,2.0667,1.5
0,0,0,0,0,0,0,0,0,0,0,0,0,0,0,0,0,0,0,0,0,0,0,0,0,0,0,0,1.9967,1.9967,1.9967,9.9986e-07,1.0024,1.0091,1,0.00074484,333.56,333.56,333.56,5.6966e-05,0,0,0,0,5.2401e-05,0.00013607,0,2.71e-05,0,0,0,0,0.8533,1.0294,0,0.12841,-0.014907,0.25881,-0.19542,0.057237,-0.011495,0.090226,-0.13088,0.043517,1,2.0833,18,2.0833,1.5
0,0,0,0,0,0,0,0,0,0,0,0,0,0,0,0,0,0,0,0,0,0,0,0,0,0,0,0,1.9967,1.9967,1.9967,9.9986e-07,1.0024,1.0091,1,0.00074466,333.56,333.56,333.56,5.6966e-05,0,0,0,0,5.4243e-05,0.00013892,0,2.8138e-05,0,0,0,0,0.84938,1.0253,0,0.12863,-0.015041,0.24224,-0.19667,0.056723,-0.012358,0.082599,-0.13804,0.044213,1,2.1,18,2.1,1.5
0,0,0,0,0,0,0,0,0,0,0,0,0,0,0,0,0,0,0,0,0,0,0,0,0,0,0,0,1.9967,1.9967,1.9967,9.9986e-07,1.0024,1.0091,1,0.00074434,333.56,333.56,333.56,5.6966e-05,0,0,0,0,5.5161e-05,0.00013769,0,2.8825e-05,0,0,0,0,0.84565,1.0231,0,0.1289,-0.014882,0.22209,-0.19514,0.056267,-0.012326,0.083704,-0.14164,0.045352,1,2.1167,18,2.1167,1.5
0,0,0,0,0,0,0,0,0,0,0,0,0,0,0,0,0,0,0,0,0,0,0,0,0,0,0,0,1.9967,1.9967,1.9967,9.9986e-07,1.0024,1.0091,1,0.00074402,333.56,333.56,333.56,5.6966e-05,0,0,0,0,5.5994e-05,0.0001361,0,2.948e-05,0,0,0,0,0.84194,1.021,0,0.12918,-0.014695,0.2016,-0.19336,0.055815,-0.012212,0.085612,-0.14491,0.046533,1,2.1333,18,2.1333,1.5
0,0,0,0,0,0,0,0,0,0,0,0,0,0,0,0,0,0,0,0,0,0,0,0,0,0,0,0,1.9967,1.9967,1.9967,9.9986e-07,1.0024,1.0091,1,0.00074462,333.56,333.56,333.56,5.6966e-05,0,0,0,0,5.6494e-05,0.00013655,0,2.8934e-05,0,0,0,0,0.83831,1.0173,0,0.12893,-0.014364,0.18354,-0.18885,0.05571,-0.011297,0.11257,-0.14541,0.048143,1,2.15,18,2.15,1.5
0,0,0,0,0,0,0,0,0,0,0,0,0,0,0,0,0,0,0,0,0,0,0,0,0,0,0,0,1.9967,1.9967,1.9967,9.9986e-07,1.0024,1.0091,1,0.00074531,333.56,333.56,333.56,5.6966e-05,0,0,0,0,5.6962e-05,0.00013719,0,2.8276e-05,0,0,0,0,0.83469,1.0134,0,0.12864,-0.014021,0.1657,-0.18408,0.055638,-0.010307,0.14187,-0.14565,0.049794,1,2.1667,18,2.1667,1.5
0,0,0,0,0,0,0,0,0,0,0,0,0,0,0,0,0,0,0,0,0,0,0,0,0,0,0,0,1.9967,1.9967,1.9967,9.9986e-07,1.0024,1.0091,1,0.00074561,333.56,333.56,333.56,5.6966e-05,0,0,0,0,5.689e-05,0.00014025,0,2.8456e-05,0,0,0,0,0.83084,1.0074,0,0.12806,-0.013713,0.15514,-0.17706,0.055757,-0.0095248,0.15658,-0.1437,0.051203,1,2.1833,18,2.1833,1.5
0,0,0,0,0,0,0,0,0,0,0,0,0,0,0,0,0,0,0,0,0,0,0,0,0,0,0,0,1.9967,1.9967,1.9967,9.9986e-07,1.0024,1.0091,1,0.00074587,333.56,333.56,333.56,5.6966e-05,0,0,0,0,5.6767e-05,0.00014353,0,2.8716e-05,0,0,0,0,0.82697,1.0013,0,0.12745,-0.013408,0.14527,-0.16983,0.055893,-0.0087626,0.16991,-0.14154,0.052588,1,2.2,18,2.2,1.5
0,0,0,0,0,0,0,0,0,0,0,0,0,0,0,0,0,0,0,0,0,0,0,0,0,0,0,0,1.9967,1.9967,1.9967,9.9986e-07,1.0024,1.0091,1,0.00074574,333.56,333.56,333.56,5.6966e-05,0,0,0,0,5.7192e-05,0.00015661,0,2.9421e-05,0,0,0,0,0.82306,1.0017,0,0.12704,-0.013219,0.13958,-0.16676,0.055781,-0.0089778,0.16579,-0.13989,0.054136,1,2.2167,18,2.2167,1.5
0,0,0,0,0,0,0,0,0,0,0,0,0,0,0,0,0,0,0,0,0,0,0,0,0,0,0,0,1.9967,1.9967,1.9967,9.9986e-07,1.0024,1.0091,1,0.00074557,333.56,333.56,333.56,5.6966e-05,0,0,0,0,5.767e-05,0.00017063,0,3.0168e-05,0,0,0,0,0.81914,1.0027,0,0.12664,-0.013042,0.13429,-0.16409,0.055644,-0.0092876,0.16,-0.1383,0.0557,1,2.2333,18,2.2333,1.5
0,0,0,0,0,0,0,0,0,0,0,0,0,0,0,0,0,0,0,0,0,0,0,0,0,0,0,0,1.9967,1.9967,1.9967,9.9986e-07,1.0024,1.0091,1,0.00074559,333.56,333.56,333.56,5.6966e-05,0,0,0,0,5.8299e-05,0.00018687,0,3.0773e-05,0,0,0,0,0.81486,0.99861,0,0.12645,-0.012976,0.13066,-0.17058,0.055239,-0.010078,0.1461,-0.1502,0.057301,1,2.25,18,2.25,1.5
0,0,0,0,0,0,0,0,0,0,0,0,0,0,0,0,0,0,0,0,0,0,0,0,0,0,0,0,1.9967,1.9967,1.9967,9.9986e-07,1.0024,1.0091,1,0.00074564,333.56,333.56,333.56,5.6966e-05,0,0,0,0,5.8942e-05,0.00020333,0,3.1364e-05,0,0,0,0,0.81055,0.99399,0,0.12629,-0.012921,0.1272,-0.17796,0.054807,-0.010915,0.1314,-0.16343,0.058905,1,2.2667,18,2.2667,1.5
0,0,0,0,0,0,0,0,0,0,0,0,0,0,0,0,0,0,0,0,0,0,0,0,0,0,0,0,1.9967,1.9967,1.9967,9.9986e-07,1.0024,1.0091,1,0.00074633,333.56,333.56,333.56,5.6966e-05,0,0,0,0,6.1492e-05,0.00023477,0,3.3905e-05,0,0,0,0,0.80529,0.99407,0,0.12637,-0.012903,0.12373,-0.18348,0.054306,-0.011258,0.1268,-0.16499,0.058975,1,2.2833,18,2.2833,1.5
0,0,0,0,0,0,0,0,0,0,0,0,0,0,0,0,0,0,0,0,0,0,0,0,0,0,0,0,1.9967,1.9967,1.9967,9.9986e-07,1.0024,1.0091,1,0.00074708,333.56,333.56,333.56,5.6966e-05,0,0,0,0,6.4233e-05,0.0002677,0,3.664e-05,0,0,0,0,0.79993,0.99462,0,0.12649,-0.012889,0.12027,-0.18882,0.053797,-0.011552,0.12321,-0.16539,0.058892,1,2.3,18,2.3,1.5
0,0,0,0,0,0,0,0,0,0,0,0,0,0,0,0,0,0,0,0,0,0,0,0,0,0,0,0,1.9967,1.9967,1.9967,9.9986e-07,1.0024,1.0091,1,0.00074789,333.56,333.56,333.56,5.6966e-05,0,0,0,0,6.6419e-05,0.00023322,0,3.612e-05,0,0,0,0,0.79409,0.99429,0,0.12654,-0.012724,0.11836,-0.19143,0.053148,-0.010997,0.129,-0.17048,0.058006,1,2.3167,18,2.3167,1.5
0,0,0,0,0,0,0,0,0,0,0,0,0,0,0,0,0,0,0,0,0,0,0,0,0,0,0,0,1.9967,1.9967,1.9967,9.9986e-07,1.0024,1.0091,1,0.00074869,333.56,333.56,333.56,5.6966e-05,0,0,0,0,6.8549e-05,0.0001919,0,3.5269e-05,0,0,0,0,0.7882,0.99387,0,0.12659,-0.012544,0.1166,-0.19377,0.052484,-0.010354,0.13575,-0.17605,0.057038,1,2.3333,18,2.3333,1.5
0,0,0,0,0,0,0,0,0,0,0,0,0,0,0,0,0,0,0,0,0,0,0,0,0,0,0,0,1.9967,1.9967,1.9967,9.9986e-07,1.0024,1.0091,1,0.00074866,333.56,333.56,333.56,5.6966e-05,0,0,0,0,6.9579e-05,0.00020277,0,3.6319e-05,0,0,0,0,0.78234,0.98814,0,0.12665,-0.01221,0.11451,-0.18213,0.051602,-0.0091832,0.13645,-0.16949,0.056947,1,2.35,18,2.35,1.5
0,0,0,0,0,0,0,0,0,0,0,0,0,0,0,0,0,0,0,0,0,0,0,0,0,0,0,0,1.9967,1.9967,1.9967,9.9986e-07,1.0023,1.0091,1,0.00074855,333.56,333.56,333.56,5.6966e-05,0,0,0,0,7.0495e-05,0.00021903,0,3.7566e-05,0,0,0,0,0.77649,0.98187,0,0.12673,-0.01186,0.11238,-0.16904,0.050697,-0.0079573,0.13653,-0.16169,0.056945,1,2.3667,18,2.3667,1.5
0,0,0,0,0,0,0,0,0,0,0,0,0,0,0,0,0,0,0,0,0,0,0,0,0,0,0,0,1.9967,1.9967,1.9967,9.9986e-07,1.0023,1.0091,1,0.00074945,333.56,333.56,333.56,5.6966e-05,0,0,0,0,7.0788e-05,0.00020726,0,3.6189e-05,0,0,0,0,0.77057,0.96711,0,0.12796,-0.011506,0.11071,-0.15693,0.050014,-0.0068092,0.14407,-0.15164,0.057809,1,2.3833,18,2.3833,1.5
0,0,0,0,0,0,0,0,0,0,0,0,0,0,0,0,0,0,0,0,0,0,0,0,0,0,0,0,1.9967,1.9967,1.9967,9.9986e-07,1.0023,1.0091,1,0.00075046,333.56,333.56,333.56,5.6966e-05,0,0,0,0,7.1016e-05,0.00019256,0,3.4536e-05,0,0,0,0,0.76465,0.95146,0,0.12931,-0.011152,0.10908,-0.14493,0.049354,-0.0056693,0.15239,-0.14136,0.058764,1,2.4,18,2.4,1.5
0,0,0,0,0,0,0,0,0,0,0,0,0,0,0,0,0,0,0,0,0,0,0,0,0,0,0,0,1.9967,1.9967,1.9967,9.9986e-07,1.0023,1.0091,1,0.00075136,333.56,333.56,333.56,5.6966e-05,0,0,0,0,7.0753e-05,0.0001824,0,3.4441e-05,0,0,0,0,0.75856,0.954,0,0.13038,-0.010813,0.10626,-0.13895,0.049086,-0.004927,0.16435,-0.14139,0.059426,1,2.4167,18,2.4167,1.5
0,0,0,0,0,0,0,0,0,0,0,0,0,0,0,0,0,0,0,0,0,0,0,0,0,0,0,0,1.9967,1.9967,1.9967,9.9986e-07,1.0023,1.0091,1,0.00075224,333.56,333.56,333.56,5.6966e-05,0,0,0,0,7.0437e-05,0.00017273,0,3.4512e-05,0,0,0,0,0.75245,0.95847,0,0.13142,-0.010476,0.10331,-0.13361,0.04886,-0.0042271,0.1767,-0.14252,0.060057,1,2.4333,18,2.4333,1.5
0,0,0,0,0,0,0,0,0,0,0,0,0,0,0,0,0,0,0,0,0,0,0,0,0,0,0,0,1.9967,1.9967,1.9967,9.9986e-07,1.0023,1.0091,1,0.00075221,333.56,333.56,333.56,5.6966e-05,0,0,0,0,7.2352e-05,0.00018108,0,3.6293e-05,0,0,0,0,0.74655,0.96377,0,0.13058,-0.010114,0.11064,-0.14209,0.048969,-0.0035663,0.17098,-0.13934,0.05991,1,2.45,18,2.45,1.5
0,0,0,0,0,0,0,0,0,0,0,0,0,0,0,0,0,0,0,0,0,0,0,0,0,0,0,0,1.9967,1.9967,1.9967,9.9986e-07,1.0023,1.0091,1,0.00075208,333.56,333.56,333.56,5.6966e-05,0,0,0,0,7.4507e-05,0.00019138,0,3.8259e-05,0,0,0,0,0.74066,0.96917,0,0.12954,-0.00975,0.11908,-0.15206,0.049114,-0.0029098,0.16331,-0.1357,0.059679,1,2.4667,18,2.4667,1.5
0,0,0,0,0,0,0,0,0,0,0,0,0,0,0,0,0,0,0,0,0,0,0,0,0,0,0,0,1.9967,1.9967,1.9967,9.9986e-07,1.0023,1.0091,1,0.00075209,333.56,333.56,333.56,5.6966e-05,0,0,0,0,7.5751e-05,0.00018608,0,3.6711e-05,0,0,0,0,0.7357,0.97036,0,0.12793,-0.0094195,0.12422,-0.16114,0.049937,-0.0021976,0.14778,-0.14728,0.060052,1,2.4833,18,2.4833,1.5
0,0,0,0,0,0,0,0,0,0,0,0,0,0,0,0,0,0,0,0,0,0,0,0,0,0,0,0,1.9967,1.9967,1.9967,9.9986e-07,1.0023,1.0091,1,0.00075211,333.56,333.56,333.56,5.6966e-05,0,0,0,0,7.6895e-05,0.00017907,0,3.4778e-05,0,0,0,0,0.73084,0.97109,0,0.12626,-0.0090926,0.129,-0.17013,0.050836,-0.0014793,0.1314,-0.16053,0.060491,1,2.5,18,2.5,1.5
0,0,0,0,0,0,0,0,0,0,0,0,0,0,0,0,0,0,0,0,0,0,0,0,0,0,0,0,1.9967,1.9967,1.9967,9.9986e-07,1.0023,1.0091,1,0.00075194,333.56,333.56,333.56,5.6966e-05,0,0,0,0,7.8831e-05,0.0001934,0,3.544e-05,0,0,0,0,0.72642,0.96889,0,0.12517,-0.0086328,0.12935,-0.1723,0.052648,-0.0014362,0.13225,-0.166,0.061792,1,2.5167,18,2.5167,1.5
0,0,0,0,0,0,0,0,0,0,0,0,0,0,0,0,0,0,0,0,0,0,0,0,0,0,0,0,1.9967,1.9967,1.9967,9.9986e-07,1.0023,1.0091,1,0.00075176,333.56,333.56,333.56,5.6966e-05,0,0,0,0,8.0855e-05,0.00021012,0,3.639e-05,0,0,0,0,0.72206,0.96636,0,0.12414,-0.0081581,0.1292,-0.17372,0.054562,-0.0014683,0.13502,-0.17061,0.06319,1,2.5333,18,2.5333,1.5
0,0,0,0,0,0,0,0,0,0,0,0,0,0,0,0,0,0,0,0,0,0,0,0,0,0,0,0,1.9967,1.9967,1.9967,9.9986e-07,1.0023,1.0091,1,0.00075254,333.56,333.56,333.56,5.6966e-05,0,0,0,0,8.1588e-05,0.00020991,0,3.708e-05,0,0,0,0,0.71721,0.96339,0,0.12417,-0.0075236,0.12489,-0.1709,0.056638,-0.0024084,0.1397,-0.1693,0.065421,1,2.55,18,2.55,1.5
0,0,0,0,0,0,0,0,0,0,0,0,0,0,0,0,0,0,0,0,0,0,0,0,0,0,0,0,1.9967,1.9967,1.9967,9.9986e-07,1.0023,1.0091,1,0.00075343,333.56,333.56,333.56,5.6966e-05,0,0,0,0,8.2174e-05,0.0002078,0,3.7741e-05,0,0,0,0,0.7123,0.96036,0,0.12432,-0.006871,0.12011,-0.1676,0.058733,-0.003451,0.1446,-0.16733,0.067746,1,2.5667,18,2.5667,1.5
0,0,0,0,0,0,0,0,0,0,0,0,0,0,0,0,0,0,0,0,0,0,0,0,0,0,0,0,1.9967,1.9967,1.9967,9.9986e-07,1.0023,1.0091,1,0.00075292,333.56,333.56,333.56,5.6966e-05,0,0,0,0,8.278e-05,0.0002247,0,3.9225e-05,0,0,0,0,0.70668,0.95895,0,0.12464,-0.006244,0.11484,-0.16501,0.060001,-0.0045302,0.15034,-0.18214,0.070211,1,2.5833,18,2.5833,1.5
0,0,0,0,0,0,0,0,0,0,0,0,0,0,0,0,0,0,0,0,0,0,0,0,0,0,0,0,1.9967,1.9967,1.9967,9.9986e-07,1.0023,1.0091,1,0.00075224,333.56,333.56,333.56,5.6966e-05,0,0,0,0,8.3389e-05,0.00024378,0,4.0804e-05,0,0,0,0,0.70098,0.95773,0,0.12499,-0.0056199,0.10952,-0.16249,0.061175,-0.0056136,0.15617,-0.19887,0.072692,1,2.6,18,2.6,1.5
0,0,0,0,0,0,0,0,0,0,0,0,0,0,0,0,0,0,0,0,0,0,0,0,0,0,0,0,1.9967,1.9967,1.9967,9.9986e-07,1.0023,1.0091,1,0.00075199,333.56,333.56,333.56,5.6966e-05,0,0,0,0,8.5584e-05,0.00028242,0,4.3808e-05,0,0,0,0,0.69459,0.95915,0,0.12545,-0.0051107,0.10641,-0.15374,0.061029,-0.0058827,0.17223,-0.2246,0.073816,1,2.6167,18,2.6167,1.5
0,0,0,0,0,0,0,0,0,0,0,0,0,0,0,0,0,0,0,0,0,0,0,0,0,0,0,0,1.9967,1.9967,1.9967,9.9986e-07,1.0023,1.0091,1,0.00075179,333.56,333.56,333.56,5.6966e-05,0,0,0,0,8.7964e-05,0.00032332,0,4.6979e-05,0,0,0,0,0.68813,0.96087,0,0.12593,-0.0046148,0.10355,-0.14425,0.06073,-0.0060571,0.18948,-0.25138,0.074781,1,2.6333,18,2.6333,1.5
0,0,0,0,0,0,0,0,0,0,0,0,0,0,0,0,0,0,0,0,0,0,0,0,0,0,0,0,1.9967,1.9967,1.9967,9.9986e-07,1.0023,1.0091,1,0.00075235,333.56,333.56,333.56,5.6966e-05,0,0,0,0,9.1295e-05,0.00032523,0,5.0721e-05,0,0,0,0,0.68166,0.95668,0,0.12738,-0.0040968,0.1074,-0.14051,0.059844,-0.0053829,0.19529,-0.25033,0.074402,1,2.65,18,2.65,1.5
0,0,0,0,0,0,0,0,0,0,0,0,0,0,0,0,0,0,0,0,0,0,0,0,0,0,0,0,1.9967,1.9967,1.9967,9.9986e-07,1.0023,1.0091,1,0.000753,333.56,333.56,333.56,5.6966e-05,0,0,0,0,9.4738e-05,0.00032254,0,5.4531e-05,0,0,0,0,0.67518,0.9518,0,0.12895,-0.0035762,0.11205,-0.13745,0.058888,-0.0046085,0.19975,-0.24601,0.073865,1,2.6667,18,2.6667,1.5
0,0,0,0,0,0,0,0,0,0,0,0,0,0,0,0,0,0,0,0,0,0,0,0,0,0,0,0,1.9967,1.9967,1.9967,9.9986e-07,1.0023,1.0091,1,0.00075265,333.56,333.56,333.56,5.6966e-05,0,0,0,0,9.6715e-05,0.00032302,0,5.4295e-05,0,0,0,0,0.66853,0.93297,0,0.13126,-0.003078,0.11774,-0.14516,0.057912,-0.0036222,0.19044,-0.2175,0.073312,1,2.6833,18,2.6833,1.5
0,0,0,0,0,0,0,0,0,0,0,0,0,0,0,0,0,0,0,0,0,0,0,0,0,0,0,0,1.9967,1.9967,1.9967,9.9986e-07,1.0023,1.0091,1,0.00075219,333.56,333.56,333.56,5.6966e-05,0,0,0,0,9.8516e-05,0.00032389,0,5.3576e-05,0,0,0,0,0.66186,0.91247,0,0.13366,-0.0025826,0.12356,-0.15417,0.056934,-0.0026105,0.17948,-0.18611,0.072758,1,2.7,18,2.7,1.5
0,0,0,0,0,0,0,0,0,0,0,0,0,0,0,0,0,0,0,0,0,0,0,0,0,0,0,0,1.9967,1.9967,1.9967,9.9986e-07,1.0023,1.0091,1,0.00075198,333.56,333.56,333.56,5.6966e-05,0,0,0,0,0.000105,0.00034192,0,5.6791e-05,0,0,0,0,0.6525,0.90961,0,0.13531,-0.0021866,0.12813,-0.15808,0.055766,-0.0020638,0.18643,-0.19295,0.07261,1,2.7167,18,2.7167,1.5
0,0,0,0,0,0,0,0,0,0,0,0,0,0,0,0,0,0,0,0,0,0,0,0,0,0,0,0,1.9967,1.9967,1.9967,9.9986e-07,1.0023,1.0091,1,0.0007518,333.56,333.56,333.56,5.6966e-05,0,0,0,0,0.00011206,0.00036204,0,6.0483e-05,0,0,0,0,0.64282,0.90889,0,0.13687,-0.0018027,0.13254,-0.16138,0.054576,-0.0015735,0.19554,-0.20443,0.072511,1,2.7333,18,2.7333,1.5
0,0,0,0,0,0,0,0,0,0,0,0,0,0,0,0,0,0,0,0,0,0,0,0,0,0,0,0,1.9967,1.9967,1.9967,9.9986e-07,1.0023,1.0091,1,0.0007522,333.56,333.56,333.56,5.6966e-05,0,0,0,0,0.00011539,0.00034801,0,6.1234e-05,0,0,0,0,0.62979,0.89607,0,0.13876,-0.0015245,0.13825,-0.15483,0.053514,-0.0013688,0.19956,-0.2064,0.072965,1,2.75,18,2.75,1.5
0,0,0,0,0,0,0,0,0,0,0,0,0,0,0,0,0,0,0,0,0,0,0,0,0,0,0,0,1.9967,1.9967,1.9967,9.9986e-07,1.0023,1.0091,1,0.00075267,333.56,333.56,333.56,5.6966e-05,0,0,0,0,0.00011826,0.00032976,0,6.1623e-05,0,0,0,0,0.61635,0.88176,0,0.14069,-0.0012593,0.14412,-0.14707,0.052468,-0.0011993,0.20296,-0.2072,0.073487,1,2.7667,18,2.7667,1.5
0,0,0,0,0,0,0,0,0,0,0,0,0,0,0,0,0,0,0,0,0,0,0,0,0,0,0,0,1.9967,1.9967,1.9967,9.9986e-07,1.0023,1.0091,1,0.00075261,333.56,333.56,333.56,5.6966e-05,0,0,0,0,0.0001191,0.0003229,0,5.9518e-05,0,0,0,0,0.6024,0.84976,0,0.14113,-0.00094185,0.14559,-0.13987,0.051608,-0.00093555,0.19768,-0.20446,0.073484,1,2.7833,18,2.7833,1.5
0,0,0,0,0,0,0,0,0,0,0,0,0,0,0,0,0,0,0,0,0,0,0,0,0,0,0,0,1.9967,1.9967,1.9967,9.9986e-07,1.0024,1.0091,1,0.00075249,333.56,333.56,333.56,5.6966e-05,0,0,0,0,0.00011969,0.00031745,0,5.7103e-05,0,0,0,0,0.58838,0.81555,0,0.14139,-0.00061793,0.14652,-0.13274,0.050771,-0.00066008,0.19132,-0.20127,0.073415,1,2.8,18,2.8,1.5
0,0,0,0,0,0,0,0,0,0,0,0,0,0,0,0,0,0,0,0,0,0,0,0,0,0,0,0,1.9967,1.9967,1.9967,9.9986e-07,1.0023,1.0091,1,0.00075201,333.56,333.56,333.56,5.6966e-05,0,0,0,0,0.00012344,0.00034611,0,6.1058e-05,0,0,0,0,0.57456,0.80411,0,0.14128,-7.8947e-05,0.14203,-0.12951,0.049356,-0.00061124,0.17985,-0.20816,0.071952,1,2.8167,18,2.8167,1.5
0,0,0,0,0,0,0,0,0,0,0,0,0,0,0,0,0,0,0,0,0,0,0,0,0,0,0,0,1.9967,1.9967,1.9967,9.9986e-07,1.0023,1.0091,1,0.00075148,333.56,333.56,333.56,5.6966e-05,0,0,0,0,0.00012759,0.00037908,0,6.5819e-05,0,0,0,0,0.56077,0.79555,0,0.14113,0.00048722,0.13686,-0.12678,0.047867,-0.00059105,0.16772,-0.21633,0.070313,1,2.8333,18,2.8333,1.5
0,0,0,0,0,0,0,0,0,0,0,0,0,0,0,0,0,0,0,0,0,0,0,0,0,0,0,0,1.9967,1.9967,1.9967,9.9986e-07,1.0023,1.0091,1,0.00075238,333.56,333.56,333.56,5.6966e-05,0,0,0,0,0.00013273,0.00037037,0,6.6724e-05,0,0,0,0,0.5451,0.78332,0,0.14367,0.0013371,0.12559,-0.12809,0.044851,-0.00064538,0.16857,-0.20912,0.069794,1,2.85,18,2.85,1.5
0,0,0,0,0,0,0,0,0,0,0,0,0,0,0,0,0,0,0,0,0,0,0,0,0,0,0,0,1.9967,1.9967,1.9967,9.9986e-07,1.0023,1.0091,1,0.00075346,333.56,333.56,333.56,5.6966e-05,0,0,0,0,0.000138,0.00035633,0,6.7136e-05,0,0,0,0,0.5292,0.77062,0,0.14656,0.0022234,0.11353,-0.12993,0.04164,-0.00070925,0.17108,-0.19996,0.069419,1,2.8667,18,2.8667,1.5
0,0,0,0,0,0,0,0,0,0,0,0,0,0,0,0,0,0,0,0,0,0,0,0,0,0,0,0,1.9967,1.9967,1.9967,9.9986e-07,1.0023,1.0091,1,0.00075377,333.56,333.56,333.56,5.6966e-05,0,0,0,0,0.00014715,0.00038502,0,7.191e-05,0,0,0,0,0.50696,0.76714,0,0.1494,0.0029458,0.098454,-0.11757,0.036767,5.7865e-05,0.1614,-0.19556,0.069161,1,2.8833,18,2.8833,1.5
0,0,0,0,0,0,0,0,0,0,0,0,0,0,0,0,0,0,0,0,0,0,0,0,0,0,0,0,1.9967,1.9967,1.9967,9.9986e-07,1.0023,1.0091,1,0.00075397,333.56,333.56,333.56,5.6966e-05,0,0,0,0,0.00015681,0.00041927,0,7.7251e-05,0,0,0,0,0.4839,0.76486,0,0.15223,0.003647,0.082987,-0.10338,0.031679,0.00093285,0.15013,-0.19179,0.068918,1,2.9,18,2.9,1.5
0,0,0,0,0,0,0,0,0,0,0,0,0,0,0,0,0,0,0,0,0,0,0,0,0,0,0,0,1.9967,1.9967,1.9967,9.9986e-07,1.0024,1.0091,1,0.00075473,186.3,186.3,186.3,3.1817e-05,0,0,0,0,0.00017971,0.00046189,0,8.2017e-05,0,0,0,0,0.44403,0.74397,-0.032822,0.15125,0.003694,0.06801,-0.080937,0.026001,0.0022133,0.15289,-0.178,0.06546,1,2.9167,18,2.9167,1.5
0,0,0,0,0,0,0,0,0,0,0,0,0,0,0,0,0,0,0,0,0,0,0,0,0,0,0,0,1.9967,1.9967,1.9967,9.9986e-07,1.0024,1.0091,1,0.00075555,19.673,19.673,19.673,3.3597e-06,0,0,0,0,0.00020435,0.0005056,0,8.6708e-05,0,0,0,0,0.40195,0.72062,-0.069961,0.14977,0.003655,0.053096,-0.05741,0.020245,0.003547,0.15749,-0.16288,0.061579,1,2.9333,18,2.9333,1.5
0,0,0,0,0,0,0,0,0,0,0,0,0,0,0,0,0,0,0,0,0,0,0,0,0,0,0,0,1.9967,1.9967,1.9967,9.9986e-07,1.0024,1.0091,1,0.00075552,0.068681,0.068681,0.068681,1.3377e-08,0,0,0,0,0.00023814,0.00051921,0,9.7475e-05,0,0,0,0,0.33349,0.66702,-0.13423,0.13498,0.002928,0.039188,-0.04079,0.014857,0.0038639,0.15362,-0.13934,0.054066,1,2.95,18,2.95,1.5
0,0,0,0,0,0,0,0,0,0,0,0,0,0,0,0,0,0,0,0,0,0,0,0,0,0,0,0,1.9967,1.9967,1.9967,9.9986e-07,1.0024,1.0091,1,0.00075537,0.052014,0.052015,0.052015,1.2509e-08,0,0,0,0,0.00027315,0.00052881,0,0.00010905,0,0,0,0,0.26151,0.60939,-0.20212,0.11841,0.0021094,0.025414,-0.02509,0.0095186,0.0040453,0.14862,-0.11467,0.04607,1,2.9667,18,2.9667,1.5
0,0,0,0,0,0,0,0,0,0,0,0,0,0,0,0,0.44026,0.44026,0.44026,1.4904e-08,0,0,0,0,0,0,0,0,1.9967,1.9967,1.9967,9.9986e-07,1.0024,1.0091,1,0.00075195,0.035348,0.035348,0.035348,9.2805e-09,0,0,0,0,0.00027059,0.00059303,0,0.00011276,0,0,0,0,0.1778,0.43561,-0.1772,0.084731,0.0012798,0.015012,-0.014679,0.0056168,0.003019,0.11086,-0.082457,0.033157,1,2.9833,18,2.9833,1.5
0,0,0,0,0,0,0,0,0,0,0,0,0,0,0,0,0.93993,0.93993,0.93993,3.182e-08,0,0,0,0,0,0,0,0,1.9967,1.9967,1.9967,9.9986e-07,1.0024,1.0091,1,0.00074808,0.018681,0.018681,0.018681,5.7332e-09,0,0,0,0,0.00026295,0.00066463,0,0.00011541,0,0,0,0,0.092509,0.24615,-0.13975,0.04874,0.00044866,0.0050644,-0.0049811,0.001909,0.0018297,0.068673,-0.049227,0.01958,1,3,18,3,1.5
